timestamp,Header,Latitude,Longitude,Altitude,HDOP,UTM_easting,UTM_northing,UTC,Zone,Letter
1696386284361918508,"seq: 0
stamp: 
  secs: 84359
  nsecs:         0
frame_id: ""GPS1_FRAME""",42.333675,-71.10446666666667,47.0,1.2,326622.8693942056,4688969.662976061,232559.0,19,T
1696386285361676493,"seq: 0
stamp: 
  secs: 84360
  nsecs:         0
frame_id: ""GPS1_FRAME""",42.333675,-71.10446666666667,47.0,1.2,326622.8693942056,4688969.662976061,232600.0,19,T
1696386286361856836,"seq: 0
stamp: 
  secs: 84361
  nsecs:         0
frame_id: ""GPS1_FRAME""",42.333675,-71.10446666666667,47.0,1.2,326622.8693942056,4688969.662976061,232601.0,19,T
1696386287361176269,"seq: 0
stamp: 
  secs: 84362
  nsecs:         0
frame_id: ""GPS1_FRAME""",42.333675,-71.10446666666667,47.0,1.2,326622.8693942056,4688969.662976061,232602.0,19,T
1696386288362342830,"seq: 0
stamp: 
  secs: 84363
  nsecs:         0
frame_id: ""GPS1_FRAME""",42.333675,-71.10446666666667,47.0,1.2,326622.8693942056,4688969.662976061,232603.0,19,T
1696386289362792689,"seq: 0
stamp: 
  secs: 84364
  nsecs:         0
frame_id: ""GPS1_FRAME""",42.333675,-71.10446666666667,47.0,1.2,326622.8693942056,4688969.662976061,232604.0,19,T
1696386290363027010,"seq: 0
stamp: 
  secs: 84365
  nsecs:         0
frame_id: ""GPS1_FRAME""",42.33367333333333,-71.10446833333333,47.4,1.2,326622.72749960783,4688969.481303459,232605.0,19,T
1696386291395696090,"seq: 0
stamp: 
  secs: 84366
  nsecs:         0
frame_id: ""GPS1_FRAME""",42.33367333333333,-71.10446833333333,47.5,1.2,326622.72749960783,4688969.481303459,232606.0,19,T
1696386292399626084,"seq: 0
stamp: 
  secs: 84367
  nsecs:         0
frame_id: ""GPS1_FRAME""",42.33367333333333,-71.10447,47.3,1.2,326622.5901849199,4688969.4847015655,232607.0,19,T
1696386293365361944,"seq: 0
stamp: 
  secs: 84368
  nsecs:         0
frame_id: ""GPS1_FRAME""",42.33367166666667,-71.10447333333333,47.1,1.2,326622.31097561977,4688969.306427081,232608.0,19,T
1696386294365004024,"seq: 0
stamp: 
  secs: 84369
  nsecs:         0
frame_id: ""GPS1_FRAME""",42.33367,-71.104475,46.8,1.2,326622.16908100253,4688969.124754489,232609.0,19,T
1696386295365076581,"seq: 0
stamp: 
  secs: 84370
  nsecs:         0
frame_id: ""GPS1_FRAME""",42.333665,-71.10447333333333,46.7,1.2,326622.29265591595,4688968.566144259,232610.0,19,T
1696386296366625022,"seq: 0
stamp: 
  secs: 84371
  nsecs:         0
frame_id: ""GPS1_FRAME""",42.333665,-71.10447666666667,46.7,1.2,326622.01802650787,4688968.57294049,232611.0,19,T
1696386297367530761,"seq: 0
stamp: 
  secs: 84372
  nsecs:         0
frame_id: ""GPS1_FRAME""",42.333668333333335,-71.10448,45.9,1.2,326621.7525569783,4688968.949878144,232612.0,19,T
1696386298367867653,"seq: 0
stamp: 
  secs: 84373
  nsecs:         0
frame_id: ""GPS1_FRAME""",42.33367166666667,-71.10448166666667,45.3,1.2,326621.62440216786,4688969.323417679,232613.0,19,T
1696386299371725249,"seq: 0
stamp: 
  secs: 84374
  nsecs:         0
frame_id: ""GPS1_FRAME""",42.333675,-71.10448333333333,44.7,1.2,326621.4962473746,4688969.6969572175,232614.0,19,T
1696386300403098430,"seq: 0
stamp: 
  secs: 84375
  nsecs:         0
frame_id: ""GPS1_FRAME""",42.333675,-71.104485,44.2,1.2,326621.35893269023,4688969.700355348,232615.0,19,T
1696386301368240394,"seq: 0
stamp: 
  secs: 84376
  nsecs:         0
frame_id: ""GPS1_FRAME""",42.33367666666667,-71.104485,43.5,1.2,326621.3635126422,4688969.885426054,232616.0,19,T
1696386302370339975,"seq: 0
stamp: 
  secs: 84377
  nsecs:         0
frame_id: ""GPS1_FRAME""",42.33367833333333,-71.10448666666667,43.1,1.2,326621.2307779193,4688970.073894892,232617.0,19,T
1696386303369504957,"seq: 0
stamp: 
  secs: 84378
  nsecs:         0
frame_id: ""GPS1_FRAME""",42.33368,-71.10449,42.7,1.2,326620.9607285302,4688970.265761872,232618.0,19,T
1696386304370795156,"seq: 0
stamp: 
  secs: 84379
  nsecs:         0
frame_id: ""GPS1_FRAME""",42.33368333333333,-71.10449333333334,42.2,1.2,326620.6952591286,4688970.6426995685,232619.0,19,T
1696386305370398260,"seq: 0
stamp: 
  secs: 84380
  nsecs:         0
frame_id: ""GPS1_FRAME""",42.33369166666667,-71.10449833333334,41.5,1.2,326620.3062150421,4688971.578247547,232620.0,19,T
1696386306406579620,"seq: 0
stamp: 
  secs: 84381
  nsecs:         0
frame_id: ""GPS1_FRAME""",42.333693333333336,-71.1045,40.8,1.2,326620.17348038213,4688971.7667164095,232621.0,19,T
1696386307371019923,"seq: 0
stamp: 
  secs: 84382
  nsecs:         0
frame_id: ""GPS1_FRAME""",42.33369666666667,-71.104505,40.3,1.2,326619.770696447,4688972.147052302,232622.0,19,T
1696386308372814289,"seq: 0
stamp: 
  secs: 84383
  nsecs:         0
frame_id: ""GPS1_FRAME""",42.33369666666667,-71.10450666666667,39.6,1.2,326619.6333818096,4688972.150450468,232623.0,19,T
1696386309374228537,"seq: 0
stamp: 
  secs: 84384
  nsecs:         0
frame_id: ""GPS1_FRAME""",42.333693333333336,-71.104505,39.1,1.2,326619.7615364524,4688971.77691089,232624.0,19,T
1696386310375354525,"seq: 0
stamp: 
  secs: 84385
  nsecs:         0
frame_id: ""GPS1_FRAME""",42.333693333333336,-71.10450333333333,38.4,1.2,326619.89885109704,4688971.773512727,232625.0,19,T
1696386311375287847,"seq: 0
stamp: 
  secs: 84386
  nsecs:         0
frame_id: ""GPS1_FRAME""",42.33369666666667,-71.10450333333333,37.4,1.2,326619.90801108436,4688972.143654139,232626.0,19,T
1696386312376011307,"seq: 0
stamp: 
  secs: 84387
  nsecs:         0
frame_id: ""GPS1_FRAME""",42.33369833333333,-71.10450333333333,36.5,1.2,326619.91259107826,4688972.328724845,232627.0,19,T
1696386313374592996,"seq: 0
stamp: 
  secs: 84388
  nsecs:         0
frame_id: ""GPS1_FRAME""",42.333705,-71.10450666666667,36.3,1.2,326619.6562818168,4688973.075804001,232628.0,19,T
1696386314376061919,"seq: 0
stamp: 
  secs: 84389
  nsecs:         0
frame_id: ""GPS1_FRAME""",42.333706666666664,-71.10450833333333,36.2,1.2,326619.523547205,4688973.264272875,232629.0,19,T
1696386315375439336,"seq: 0
stamp: 
  secs: 84390
  nsecs:         0
frame_id: ""GPS1_FRAME""",42.33371,-71.10450833333333,35.8,1.2,326619.53270721657,4688973.634414288,232630.0,19,T
1696386316378069051,"seq: 0
stamp: 
  secs: 84391
  nsecs:         0
frame_id: ""GPS1_FRAME""",42.333708333333334,-71.10450666666667,35.7,1.2,326619.66544182063,4688973.445945414,232631.0,19,T
1696386317377106508,"seq: 0
stamp: 
  secs: 84392
  nsecs:         0
frame_id: ""GPS1_FRAME""",42.333708333333334,-71.10450333333333,35.6,1.2,326619.9400710446,4688973.4391490845,232632.0,19,T
1696386318375160494,"seq: 0
stamp: 
  secs: 84393
  nsecs:         0
frame_id: ""GPS1_FRAME""",42.333713333333336,-71.104505,35.9,1.5,326619.81649642874,4688973.997759368,232633.0,19,T
1696386319375529852,"seq: 0
stamp: 
  secs: 84394
  nsecs:         0
frame_id: ""GPS1_FRAME""",42.333715,-71.10451,36.1,1.5,326619.4091326394,4688974.19302458,232634.0,19,T
1696386320412531371,"seq: 0
stamp: 
  secs: 84395
  nsecs:         0
frame_id: ""GPS1_FRAME""",42.33372,-71.10451666666667,36.0,1.2,326618.87361432763,4688974.761829414,232635.0,19,T
1696386321376413097,"seq: 0
stamp: 
  secs: 84396
  nsecs:         0
frame_id: ""GPS1_FRAME""",42.333726666666664,-71.104525,36.0,1.5,326618.20536157384,4688975.519103195,232636.0,19,T
1696386322376514447,"seq: 0
stamp: 
  secs: 84397
  nsecs:         0
frame_id: ""GPS1_FRAME""",42.33372833333333,-71.10452666666667,36.2,1.5,326618.07262704906,4688975.707572101,232637.0,19,T
1696386323379255578,"seq: 0
stamp: 
  secs: 84398
  nsecs:         0
frame_id: ""GPS1_FRAME""",42.333735,-71.10453,36.0,1.2,326617.81631813385,4688976.454651335,232638.0,19,T
1696386324415186792,"seq: 0
stamp: 
  secs: 84399
  nsecs:         0
frame_id: ""GPS1_FRAME""",42.333745,-71.104535,35.7,1.2,326617.43185487547,4688977.57527021,232639.0,19,T
1696386325380866297,"seq: 0
stamp: 
  secs: 84400
  nsecs:         0
frame_id: ""GPS1_FRAME""",42.33374666666667,-71.10453166666667,35.2,1.2,326617.71106399794,4688977.753544498,232640.0,19,T
1696386326383341019,"seq: 0
stamp: 
  secs: 84401
  nsecs:         0
frame_id: ""GPS1_FRAME""",42.33374833333333,-71.10452833333333,35.2,1.2,326617.990273106,4688977.931818795,232641.0,19,T
1696386327416763709,"seq: 0
stamp: 
  secs: 84402
  nsecs:         0
frame_id: ""GPS1_FRAME""",42.333753333333334,-71.10452833333333,35.0,1.2,326618.00401326513,4688978.487030919,232642.0,19,T
1696386328384748209,"seq: 0
stamp: 
  secs: 84403
  nsecs:         0
frame_id: ""GPS1_FRAME""",42.333755,-71.10452166666667,35.0,1.2,326618.55785135634,4688978.658508837,232643.0,19,T
1696386329380788905,"seq: 0
stamp: 
  secs: 84404
  nsecs:         0
frame_id: ""GPS1_FRAME""",42.333758333333336,-71.10452,35.2,1.5,326618.70432593767,4688979.025252065,232644.0,19,T
1696386330381402098,"seq: 0
stamp: 
  secs: 84405
  nsecs:         0
frame_id: ""GPS1_FRAME""",42.33376666666667,-71.10452166666667,35.4,1.5,326618.58991163224,4688979.954003795,232645.0,19,T
1696386331382523576,"seq: 0
stamp: 
  secs: 84406
  nsecs:         0
frame_id: ""GPS1_FRAME""",42.33376,-71.10452166666667,35.7,1.5,326618.57159147365,4688979.213720963,232646.0,19,T
1696386332380775680,"seq: 0
stamp: 
  secs: 84407
  nsecs:         0
frame_id: ""GPS1_FRAME""",42.333753333333334,-71.10452166666667,35.6,1.5,326618.55327131745,4688978.473438131,232647.0,19,T
1696386333385507144,"seq: 0
stamp: 
  secs: 84408
  nsecs:         0
frame_id: ""GPS1_FRAME""",42.333755,-71.10452666666667,35.6,1.5,326618.14590782695,4688978.668703425,232648.0,19,T
1696386334386006995,"seq: 0
stamp: 
  secs: 84409
  nsecs:         0
frame_id: ""GPS1_FRAME""",42.33376166666667,-71.10453333333334,35.6,1.2,326617.6149700496,4688979.422579083,232649.0,19,T
1696386335383856989,"seq: 0
stamp: 
  secs: 84410
  nsecs:         0
frame_id: ""GPS1_FRAME""",42.333771666666664,-71.10454,35.6,1.2,326617.09319254884,4688980.546596198,232650.0,19,T
1696386336387964036,"seq: 0
stamp: 
  secs: 84411
  nsecs:         0
frame_id: ""GPS1_FRAME""",42.333776666666665,-71.10454,35.6,1.2,326617.1069327904,4688981.101808325,232651.0,19,T
1696386337386333826,"seq: 0
stamp: 
  secs: 84412
  nsecs:         0
frame_id: ""GPS1_FRAME""",42.33378,-71.104535,35.6,1.2,326617.52803631645,4688981.461755089,232652.0,19,T
1696386338389062276,"seq: 0
stamp: 
  secs: 84413
  nsecs:         0
frame_id: ""GPS1_FRAME""",42.333778333333335,-71.10452833333333,35.7,1.2,326618.07271408103,4688981.263091547,232653.0,19,T
1696386339387809602,"seq: 0
stamp: 
  secs: 84414
  nsecs:         0
frame_id: ""GPS1_FRAME""",42.33378166666667,-71.10452333333333,35.8,1.2,326618.49381754536,4688981.623038369,232654.0,19,T
1696386340387992802,"seq: 0
stamp: 
  secs: 84415
  nsecs:         0
frame_id: ""GPS1_FRAME""",42.33378166666667,-71.10452166666667,35.9,1.2,326618.6311319977,4688981.619640175,232655.0,19,T
1696386341389398400,"seq: 0
stamp: 
  secs: 84416
  nsecs:         0
frame_id: ""GPS1_FRAME""",42.333783333333336,-71.10451833333333,36.0,1.2,326618.9103409323,4688981.797914505,232656.0,19,T
1696386342421475171,"seq: 0
stamp: 
  secs: 84417
  nsecs:         0
frame_id: ""GPS1_FRAME""",42.333785,-71.10451166666667,36.2,1.5,326619.4641787425,4688981.969392487,232657.0,19,T
1696386343422979943,"seq: 0
stamp: 
  secs: 84418
  nsecs:         0
frame_id: ""GPS1_FRAME""",42.33378666666667,-71.10450833333333,36.4,1.2,326619.743387643,4688982.147666848,232658.0,19,T
1696386344390324180,"seq: 0
stamp: 
  secs: 84419
  nsecs:         0
frame_id: ""GPS1_FRAME""",42.33378166666667,-71.10449833333334,36.3,1.2,326620.5535343106,4688981.572065747,232659.0,19,T
1696386345391225776,"seq: 0
stamp: 
  secs: 84420
  nsecs:         0
frame_id: ""GPS1_FRAME""",42.33378,-71.10449333333334,36.4,1.2,326620.9608976855,4688981.3768005865,232700.0,19,T
1696386346391965088,"seq: 0
stamp: 
  secs: 84421
  nsecs:         0
frame_id: ""GPS1_FRAME""",42.33378,-71.10448833333334,36.3,1.2,326621.3728410485,4688981.366606158,232701.0,19,T
1696386347391959788,"seq: 0
stamp: 
  secs: 84422
  nsecs:         0
frame_id: ""GPS1_FRAME""",42.333778333333335,-71.10448,36.0,1.2,326622.0548333704,4688981.164544794,232702.0,19,T
1696386348393393692,"seq: 0
stamp: 
  secs: 84423
  nsecs:         0
frame_id: ""GPS1_FRAME""",42.333778333333335,-71.104475,35.9,1.2,326622.4667767461,4688981.154350431,232703.0,19,T
1696386349394592820,"seq: 0
stamp: 
  secs: 84424
  nsecs:         0
frame_id: ""GPS1_FRAME""",42.33378,-71.10446833333333,35.9,1.2,326623.0206145015,4688981.325828692,232704.0,19,T
1696386350428028664,"seq: 0
stamp: 
  secs: 84425
  nsecs:         0
frame_id: ""GPS1_FRAME""",42.333778333333335,-71.10446333333333,36.0,1.2,326623.42797794996,4688981.130563678,232705.0,19,T
1696386351393543655,"seq: 0
stamp: 
  secs: 84426
  nsecs:         0
frame_id: ""GPS1_FRAME""",42.33377333333333,-71.10445833333333,36.0,1.2,326623.82618161687,4688980.565157274,232706.0,19,T
1696386352396179080,"seq: 0
stamp: 
  secs: 84427
  nsecs:         0
frame_id: ""GPS1_FRAME""",42.33377333333333,-71.10445333333334,35.9,1.2,326624.2381250205,4688980.554963016,232707.0,19,T
1696386353395735574,"seq: 0
stamp: 
  secs: 84428
  nsecs:         0
frame_id: ""GPS1_FRAME""",42.333776666666665,-71.104455,35.5,1.2,326624.10997034353,4688980.928502515,232708.0,19,T
1696386354394892079,"seq: 0
stamp: 
  secs: 84429
  nsecs:         0
frame_id: ""GPS1_FRAME""",42.333778333333335,-71.10445833333333,35.5,1.2,326623.8399213252,4688981.120369398,232709.0,19,T
1696386355394706498,"seq: 0
stamp: 
  secs: 84430
  nsecs:         0
frame_id: ""GPS1_FRAME""",42.333778333333335,-71.10445833333333,35.3,1.2,326623.8399213252,4688981.120369398,232710.0,19,T
1696386356397003431,"seq: 0
stamp: 
  secs: 84431
  nsecs:         0
frame_id: ""GPS1_FRAME""",42.33378,-71.10445333333334,35.3,1.2,326624.25644458836,4688981.295245848,232711.0,19,T
1696386357431157744,"seq: 0
stamp: 
  secs: 84432
  nsecs:         0
frame_id: ""GPS1_FRAME""",42.333783333333336,-71.10445,35.3,1.2,326624.54023326735,4688981.6585911065,232712.0,19,T
1696386358397242797,"seq: 0
stamp: 
  secs: 84433
  nsecs:         0
frame_id: ""GPS1_FRAME""",42.333783333333336,-71.10444833333334,35.3,1.2,326624.6775477155,4688981.655193032,232713.0,19,T
1696386359396197036,"seq: 0
stamp: 
  secs: 84434
  nsecs:         0
frame_id: ""GPS1_FRAME""",42.33378166666667,-71.10444833333334,35.0,1.2,326624.67296783393,4688981.470122323,232714.0,19,T
1696386360397173362,"seq: 0
stamp: 
  secs: 84435
  nsecs:         0
frame_id: ""GPS1_FRAME""",42.33378166666667,-71.10444833333334,34.7,1.2,326624.67296783393,4688981.470122323,232715.0,19,T
1696386361398727260,"seq: 0
stamp: 
  secs: 84436
  nsecs:         0
frame_id: ""GPS1_FRAME""",42.33378833333333,-71.10445,34.1,1.2,326624.5539729239,4688982.213803231,232716.0,19,T
1696386362397030750,"seq: 0
stamp: 
  secs: 84437
  nsecs:         0
frame_id: ""GPS1_FRAME""",42.33379,-71.10445333333334,33.7,1.2,326624.2839239446,4688982.405670096,232717.0,19,T
1696386363399542048,"seq: 0
stamp: 
  secs: 84438
  nsecs:         0
frame_id: ""GPS1_FRAME""",42.33378666666667,-71.104455,33.7,1.2,326624.1374497197,4688982.038926763,232718.0,19,T
1696386364399286306,"seq: 0
stamp: 
  secs: 84439
  nsecs:         0
frame_id: ""GPS1_FRAME""",42.33378666666667,-71.10445333333334,33.2,1.2,326624.27476415853,4688982.035528679,232719.0,19,T
1696386365398758263,"seq: 0
stamp: 
  secs: 84440
  nsecs:         0
frame_id: ""GPS1_FRAME""",42.33379,-71.10445333333334,32.9,1.2,326624.2839239446,4688982.405670096,232720.0,19,T
1696386366399876534,"seq: 0
stamp: 
  secs: 84441
  nsecs:         0
frame_id: ""GPS1_FRAME""",42.33379166666667,-71.10445333333334,32.4,1.2,326624.2885038378,4688982.590740806,232721.0,19,T
1696386367398308615,"seq: 0
stamp: 
  secs: 84442
  nsecs:         0
frame_id: ""GPS1_FRAME""",42.33379166666667,-71.104455,32.2,1.2,326624.1511894098,4688982.59413889,232722.0,19,T
1696386368402030239,"seq: 0
stamp: 
  secs: 84443
  nsecs:         0
frame_id: ""GPS1_FRAME""",42.33378833333333,-71.10445833333333,31.5,1.2,326623.86740074586,4688982.230793647,232723.0,19,T
1696386369400958789,"seq: 0
stamp: 
  secs: 84444
  nsecs:         0
frame_id: ""GPS1_FRAME""",42.33378833333333,-71.10446,31.0,1.2,326623.73008630855,4688982.234191738,232724.0,19,T
1696386370401227603,"seq: 0
stamp: 
  secs: 84445
  nsecs:         0
frame_id: ""GPS1_FRAME""",42.33379,-71.10446,30.6,1.2,326623.73466621607,4688982.4192624455,232725.0,19,T
1696386371439376292,"seq: 0
stamp: 
  secs: 84446
  nsecs:         0
frame_id: ""GPS1_FRAME""",42.33379166666667,-71.10446,30.1,1.2,326623.7392461238,4688982.604333156,232726.0,19,T
1696386372402310582,"seq: 0
stamp: 
  secs: 84447
  nsecs:         0
frame_id: ""GPS1_FRAME""",42.33379,-71.104455,29.6,1.2,326624.146609513,4688982.409068179,232727.0,19,T
1696386373403839635,"seq: 0
stamp: 
  secs: 84448
  nsecs:         0
frame_id: ""GPS1_FRAME""",42.33379333333333,-71.10445333333334,29.3,1.2,326624.2930837311,4688982.775811514,232728.0,19,T
1696386374402186613,"seq: 0
stamp: 
  secs: 84449
  nsecs:         0
frame_id: ""GPS1_FRAME""",42.333795,-71.10445166666666,28.8,1.2,326624.4349780474,4688982.957484141,232729.0,19,T
1696386375439746631,"seq: 0
stamp: 
  secs: 84450
  nsecs:         0
frame_id: ""GPS1_FRAME""",42.333798333333334,-71.104455,28.1,1.2,326624.16950899863,4688983.334421723,232730.0,19,T
1696386376406493554,"seq: 0
stamp: 
  secs: 84451
  nsecs:         0
frame_id: ""GPS1_FRAME""",42.33379,-71.10445,27.4,1.2,326624.5585528097,4688982.398873938,232731.0,19,T
1696386377403965049,"seq: 0
stamp: 
  secs: 84452
  nsecs:         0
frame_id: ""GPS1_FRAME""",42.33379,-71.10445333333334,26.8,1.2,326624.2839239446,4688982.405670096,232732.0,19,T
1696386378443645431,"seq: 0
stamp: 
  secs: 84453
  nsecs:         0
frame_id: ""GPS1_FRAME""",42.3338,-71.10445833333333,26.4,1.2,326623.8994600766,4688983.526288607,232733.0,19,T
1696386379405742035,"seq: 0
stamp: 
  secs: 84454
  nsecs:         0
frame_id: ""GPS1_FRAME""",42.33380666666667,-71.10446166666667,25.9,1.2,326623.6431509027,4688984.2733676275,232734.0,19,T
1696386380408223116,"seq: 0
stamp: 
  secs: 84455
  nsecs:         0
frame_id: ""GPS1_FRAME""",42.33381,-71.10446166666667,25.6,1.2,326623.6523107285,4688984.643509046,232735.0,19,T
1696386381409595686,"seq: 0
stamp: 
  secs: 84456
  nsecs:         0
frame_id: ""GPS1_FRAME""",42.333815,-71.10446833333333,25.0,1.2,326623.11679295753,4688985.2123135775,232736.0,19,T
1696386382408844793,"seq: 0
stamp: 
  secs: 84457
  nsecs:         0
frame_id: ""GPS1_FRAME""",42.33381333333333,-71.10446666666667,24.7,1.2,326623.24952741043,4688985.023844763,232737.0,19,T
1696386383409232877,"seq: 0
stamp: 
  secs: 84458
  nsecs:         0
frame_id: ""GPS1_FRAME""",42.33381166666667,-71.10446166666667,24.2,1.2,326623.65689064167,4688984.828579755,232738.0,19,T
1696386384410830155,"seq: 0
stamp: 
  secs: 84459
  nsecs:         0
frame_id: ""GPS1_FRAME""",42.33381333333333,-71.10446166666667,23.7,1.2,326623.66147055494,4688985.013650464,232739.0,19,T
1696386385413443362,"seq: 0
stamp: 
  secs: 84460
  nsecs:         0
frame_id: ""GPS1_FRAME""",42.333821666666665,-71.10446666666667,23.4,1.2,326623.2724270335,4688985.949198308,232740.0,19,T
1696386386411124330,"seq: 0
stamp: 
  secs: 84461
  nsecs:         0
frame_id: ""GPS1_FRAME""",42.33382666666667,-71.10447166666667,23.3,1.2,326622.8742237516,4688986.514604761,232741.0,19,T
1696386387412060958,"seq: 0
stamp: 
  secs: 84462
  nsecs:         0
frame_id: ""GPS1_FRAME""",42.33383,-71.10447666666667,23.3,1.2,326622.4714405887,4688986.894940529,232742.0,19,T
1696386388411009058,"seq: 0
stamp: 
  secs: 84463
  nsecs:         0
frame_id: ""GPS1_FRAME""",42.33382833333334,-71.10448,22.9,1.2,326622.1922319427,4688986.716666065,232743.0,19,T
1696386389411788160,"seq: 0
stamp: 
  secs: 84464
  nsecs:         0
frame_id: ""GPS1_FRAME""",42.333835,-71.10448333333333,22.4,1.2,326621.93592309277,4688987.46374516,232744.0,19,T
1696386390414481571,"seq: 0
stamp: 
  secs: 84465
  nsecs:         0
frame_id: ""GPS1_FRAME""",42.33383666666667,-71.10448666666667,21.9,1.2,326621.6658743929,4688987.655612139,232745.0,19,T
1696386391413938245,"seq: 0
stamp: 
  secs: 84466
  nsecs:         0
frame_id: ""GPS1_FRAME""",42.33383833333333,-71.10449,21.7,1.2,326621.3958257077,4688987.8474791255,232746.0,19,T
1696386392447334967,"seq: 0
stamp: 
  secs: 84467
  nsecs:         0
frame_id: ""GPS1_FRAME""",42.333846666666666,-71.10449833333334,21.4,1.2,326620.7321540497,4688988.78982342,232747.0,19,T
1696386393416049600,"seq: 0
stamp: 
  secs: 84468
  nsecs:         0
frame_id: ""GPS1_FRAME""",42.333846666666666,-71.1045,21.2,1.2,326620.5948397411,4688988.793221577,232748.0,19,T
1696386394450512168,"seq: 0
stamp: 
  secs: 84469
  nsecs:         0
frame_id: ""GPS1_FRAME""",42.333845,-71.10449833333334,21.0,1.2,326620.72757405345,4688988.60475271,232749.0,19,T
1696386395416087803,"seq: 0
stamp: 
  secs: 84470
  nsecs:         0
frame_id: ""GPS1_FRAME""",42.333845,-71.10449666666666,20.5,1.2,326620.86488836765,4688988.601354556,232750.0,19,T
1696386396416810885,"seq: 0
stamp: 
  secs: 84471
  nsecs:         0
frame_id: ""GPS1_FRAME""",42.333848333333336,-71.10449833333334,20.4,1.2,326620.7367340459,4688988.9748941315,232751.0,19,T
1696386397418307227,"seq: 0
stamp: 
  secs: 84472
  nsecs:         0
frame_id: ""GPS1_FRAME""",42.333848333333336,-71.104505,20.4,1.2,326620.18747682427,4688988.988486775,232752.0,19,T
1696386398417331133,"seq: 0
stamp: 
  secs: 84473
  nsecs:         0
frame_id: ""GPS1_FRAME""",42.333848333333336,-71.10450333333333,20.7,1.2,326620.3247911313,4688988.98508861,232753.0,19,T
1696386399417209264,"seq: 0
stamp: 
  secs: 84474
  nsecs:         0
frame_id: ""GPS1_FRAME""",42.333845,-71.1045,21.0,1.2,326620.59025974135,4688988.608150867,232754.0,19,T
1696386400453038790,"seq: 0
stamp: 
  secs: 84475
  nsecs:         0
frame_id: ""GPS1_FRAME""",42.333841666666665,-71.1045,21.4,1.2,326620.5810997423,4688988.238009444,232755.0,19,T
1696386401418535356,"seq: 0
stamp: 
  secs: 84476
  nsecs:         0
frame_id: ""GPS1_FRAME""",42.33383666666667,-71.104495,21.8,1.2,326620.97930273775,4688987.672602855,232756.0,19,T
1696386402418037226,"seq: 0
stamp: 
  secs: 84477
  nsecs:         0
frame_id: ""GPS1_FRAME""",42.333835,-71.10449666666666,22.0,1.2,326620.837408416,4688987.490930295,232757.0,19,T
1696386403421776466,"seq: 0
stamp: 
  secs: 84478
  nsecs:         0
frame_id: ""GPS1_FRAME""",42.33383,-71.1045,22.4,1.2,326620.54903975036,4688986.9425144745,232758.0,19,T
1696386404420604428,"seq: 0
stamp: 
  secs: 84479
  nsecs:         0
frame_id: ""GPS1_FRAME""",42.33382666666667,-71.1045,22.3,1.2,326620.53987975395,4688986.572373054,232759.0,19,T
1696386405420793042,"seq: 0
stamp: 
  secs: 84480
  nsecs:         0
frame_id: ""GPS1_FRAME""",42.33382666666667,-71.1045,22.4,1.2,326620.53987975395,4688986.572373054,232800.0,19,T
1696386406423708028,"seq: 0
stamp: 
  secs: 84481
  nsecs:         0
frame_id: ""GPS1_FRAME""",42.333825,-71.104495,22.4,1.2,326620.9472428251,4688986.377107884,232801.0,19,T
1696386407419562017,"seq: 0
stamp: 
  secs: 84482
  nsecs:         0
frame_id: ""GPS1_FRAME""",42.333825,-71.104495,22.7,1.2,326620.9472428251,4688986.377107884,232802.0,19,T
1696386408456467946,"seq: 0
stamp: 
  secs: 84483
  nsecs:         0
frame_id: ""GPS1_FRAME""",42.33382666666667,-71.10449833333334,22.7,1.2,326620.67719410604,4688986.568974898,232803.0,19,T
1696386409422561471,"seq: 0
stamp: 
  secs: 84484
  nsecs:         0
frame_id: ""GPS1_FRAME""",42.33383333333333,-71.1045,22.7,1.2,326620.55819974735,4688987.312655895,232804.0,19,T
1696386410422695426,"seq: 0
stamp: 
  secs: 84485
  nsecs:         0
frame_id: ""GPS1_FRAME""",42.33384,-71.10449166666666,22.6,1.2,326621.2630913621,4688988.035947979,232805.0,19,T
1696386411422461228,"seq: 0
stamp: 
  secs: 84486
  nsecs:         0
frame_id: ""GPS1_FRAME""",42.333845,-71.104485,22.6,1.2,326621.8260885561,4688988.577567554,232806.0,19,T
1696386412423154247,"seq: 0
stamp: 
  secs: 84487
  nsecs:         0
frame_id: ""GPS1_FRAME""",42.33385166666667,-71.10448166666667,22.8,1.2,326622.11903702235,4688989.311054134,232807.0,19,T
1696386413423072268,"seq: 0
stamp: 
  secs: 84488
  nsecs:         0
frame_id: ""GPS1_FRAME""",42.333855,-71.10448,22.6,1.2,326622.26551123546,4688989.677797427,232808.0,19,T
1696386414423358303,"seq: 0
stamp: 
  secs: 84489
  nsecs:         0
frame_id: ""GPS1_FRAME""",42.33385833333333,-71.10448333333333,22.4,1.2,326622.0000425818,4688990.054735105,232809.0,19,T
1696386415423285376,"seq: 0
stamp: 
  secs: 84490
  nsecs:         0
frame_id: ""GPS1_FRAME""",42.33385833333333,-71.10448333333333,22.6,1.2,326622.0000425818,4688990.054735105,232810.0,19,T
1696386416425883638,"seq: 0
stamp: 
  secs: 84491
  nsecs:         0
frame_id: ""GPS1_FRAME""",42.333861666666664,-71.10448,22.4,1.2,326622.2838310646,4688990.418080268,232811.0,19,T
1696386417427411773,"seq: 0
stamp: 
  secs: 84492
  nsecs:         0
frame_id: ""GPS1_FRAME""",42.33386333333333,-71.104475,22.1,1.2,326622.7003538424,4688990.592956614,232812.0,19,T
1696386418424386679,"seq: 0
stamp: 
  secs: 84493
  nsecs:         0
frame_id: ""GPS1_FRAME""",42.333865,-71.10447333333333,22.0,1.2,326622.8422480555,4688990.77462921,232813.0,19,T
1696386419425992420,"seq: 0
stamp: 
  secs: 84494
  nsecs:         0
frame_id: ""GPS1_FRAME""",42.333865,-71.104475,22.0,1.2,326622.7049337893,4688990.778027326,232814.0,19,T
1696386420427297393,"seq: 0
stamp: 
  secs: 84495
  nsecs:         0
frame_id: ""GPS1_FRAME""",42.333865,-71.104475,22.0,1.2,326622.7049337893,4688990.778027326,232815.0,19,T
1696386421427754715,"seq: 0
stamp: 
  secs: 84496
  nsecs:         0
frame_id: ""GPS1_FRAME""",42.333865,-71.104475,22.0,1.2,326622.7049337893,4688990.778027326,232816.0,19,T
1696386422462898997,"seq: 0
stamp: 
  secs: 84497
  nsecs:         0
frame_id: ""GPS1_FRAME""",42.333865,-71.104475,22.0,1.2,326622.7049337893,4688990.778027326,232817.0,19,T
1696386423428453751,"seq: 0
stamp: 
  secs: 84498
  nsecs:         0
frame_id: ""GPS1_FRAME""",42.333865,-71.104475,22.0,1.2,326622.7049337893,4688990.778027326,232818.0,19,T
1696386424429868071,"seq: 0
stamp: 
  secs: 84499
  nsecs:         0
frame_id: ""GPS1_FRAME""",42.333865,-71.104475,22.1,1.2,326622.7049337893,4688990.778027326,232819.0,19,T
1696386425431059714,"seq: 0
stamp: 
  secs: 84500
  nsecs:         0
frame_id: ""GPS1_FRAME""",42.333865,-71.104475,22.1,1.2,326622.7049337893,4688990.778027326,232820.0,19,T
1696386426466080714,"seq: 0
stamp: 
  secs: 84501
  nsecs:         0
frame_id: ""GPS1_FRAME""",42.333865,-71.104475,22.1,1.2,326622.7049337893,4688990.778027326,232821.0,19,T
1696386427430057758,"seq: 0
stamp: 
  secs: 84502
  nsecs:         0
frame_id: ""GPS1_FRAME""",42.333865,-71.104475,22.1,1.2,326622.7049337893,4688990.778027326,232822.0,19,T
1696386428434145841,"seq: 0
stamp: 
  secs: 84503
  nsecs:         0
frame_id: ""GPS1_FRAME""",42.333865,-71.104475,22.1,1.2,326622.7049337893,4688990.778027326,232823.0,19,T
1696386429469567886,"seq: 0
stamp: 
  secs: 84504
  nsecs:         0
frame_id: ""GPS1_FRAME""",42.333865,-71.104475,22.1,1.2,326622.7049337893,4688990.778027326,232824.0,19,T
1696386430435050133,"seq: 0
stamp: 
  secs: 84505
  nsecs:         0
frame_id: ""GPS1_FRAME""",42.333865,-71.104475,22.1,1.2,326622.7049337893,4688990.778027326,232825.0,19,T
1696386431434777897,"seq: 0
stamp: 
  secs: 84506
  nsecs:         0
frame_id: ""GPS1_FRAME""",42.333866666666665,-71.10448166666667,21.9,1.2,326622.16025667114,4688990.976690529,232826.0,19,T
1696386432434186860,"seq: 0
stamp: 
  secs: 84507
  nsecs:         0
frame_id: ""GPS1_FRAME""",42.33386333333333,-71.10448166666667,21.8,1.2,326622.1510967481,4688990.6065491075,232827.0,19,T
1696386433435445627,"seq: 0
stamp: 
  secs: 84508
  nsecs:         0
frame_id: ""GPS1_FRAME""",42.33385833333333,-71.10448,21.9,1.2,326622.2746711498,4688990.047938848,232828.0,19,T
1696386434435318137,"seq: 0
stamp: 
  secs: 84509
  nsecs:         0
frame_id: ""GPS1_FRAME""",42.333855,-71.10447833333333,21.6,1.2,326622.40282552567,4688989.674399303,232829.0,19,T
1696386435437172340,"seq: 0
stamp: 
  secs: 84510
  nsecs:         0
frame_id: ""GPS1_FRAME""",42.33385166666667,-71.104475,21.6,1.2,326622.66829421825,4688989.297461642,232830.0,19,T
1696386436437099410,"seq: 0
stamp: 
  secs: 84511
  nsecs:         0
frame_id: ""GPS1_FRAME""",42.33385166666667,-71.10448,21.5,1.2,326622.2563513218,4688989.307656007,232831.0,19,T
1696386437437625976,"seq: 0
stamp: 
  secs: 84512
  nsecs:         0
frame_id: ""GPS1_FRAME""",42.333845,-71.104485,21.7,1.2,326621.8260885561,4688988.577567554,232832.0,19,T
1696386438438987549,"seq: 0
stamp: 
  secs: 84513
  nsecs:         0
frame_id: ""GPS1_FRAME""",42.33384,-71.10449,21.8,1.2,326621.40040568507,4688988.032549836,232833.0,19,T
1696386439438702615,"seq: 0
stamp: 
  secs: 84514
  nsecs:         0
frame_id: ""GPS1_FRAME""",42.333835,-71.10449166666666,21.8,1.2,326621.2493514196,4688987.480735849,232834.0,19,T
1696386440439201965,"seq: 0
stamp: 
  secs: 84515
  nsecs:         0
frame_id: ""GPS1_FRAME""",42.333835,-71.10449,21.7,1.2,326621.38666575344,4688987.477337706,232835.0,19,T
1696386441438354817,"seq: 0
stamp: 
  secs: 84516
  nsecs:         0
frame_id: ""GPS1_FRAME""",42.33383666666667,-71.10449166666666,21.5,1.2,326621.25393140025,4688987.665806561,232836.0,19,T
1696386442439290012,"seq: 0
stamp: 
  secs: 84517
  nsecs:         0
frame_id: ""GPS1_FRAME""",42.33383666666667,-71.10449666666666,21.3,1.2,326620.84198840754,4688987.676001006,232837.0,19,T
1696386443473333936,"seq: 0
stamp: 
  secs: 84518
  nsecs:         0
frame_id: ""GPS1_FRAME""",42.33383666666667,-71.10449666666666,21.1,1.2,326620.84198840754,4688987.676001006,232838.0,19,T
1696386444472572334,"seq: 0
stamp: 
  secs: 84519
  nsecs:         0
frame_id: ""GPS1_FRAME""",42.333841666666665,-71.10449833333334,20.9,1.2,326620.7184140617,4688988.234611289,232839.0,19,T
1696386445442251064,"seq: 0
stamp: 
  secs: 84520
  nsecs:         0
frame_id: ""GPS1_FRAME""",42.333846666666666,-71.1045,20.7,1.2,326620.5948397411,4688988.793221577,232840.0,19,T
1696386446441619204,"seq: 0
stamp: 
  secs: 84521
  nsecs:         0
frame_id: ""GPS1_FRAME""",42.333855,-71.10450333333333,20.2,1.2,326620.3431111614,4688989.725371451,232841.0,19,T
1696386447441800825,"seq: 0
stamp: 
  secs: 84522
  nsecs:         0
frame_id: ""GPS1_FRAME""",42.33385833333333,-71.10451333333333,19.7,1.2,326619.52838547213,4688990.115901902,232842.0,19,T
1696386448440530140,"seq: 0
stamp: 
  secs: 84523
  nsecs:         0
frame_id: ""GPS1_FRAME""",42.33385833333333,-71.10452166666667,19.2,1.2,326618.84181405185,4688990.132892834,232843.0,19,T
1696386449444227239,"seq: 0
stamp: 
  secs: 84524
  nsecs:         0
frame_id: ""GPS1_FRAME""",42.333861666666664,-71.10452666666667,18.9,1.2,326618.439031316,4688990.513228848,232844.0,19,T
1696386450444526946,"seq: 0
stamp: 
  secs: 84525
  nsecs:         0
frame_id: ""GPS1_FRAME""",42.333865,-71.10453333333334,18.5,1.2,326617.89893435757,4688990.896963098,232845.0,19,T
1696386451475462951,"seq: 0
stamp: 
  secs: 84526
  nsecs:         0
frame_id: ""GPS1_FRAME""",42.333861666666664,-71.104535,18.2,1.2,326617.75245993154,4688990.530219887,232846.0,19,T
1696386452443320561,"seq: 0
stamp: 
  secs: 84527
  nsecs:         0
frame_id: ""GPS1_FRAME""",42.333861666666664,-71.10454,17.6,1.2,326617.34051710105,4688990.540414544,232847.0,19,T
1696386453443126536,"seq: 0
stamp: 
  secs: 84528
  nsecs:         0
frame_id: ""GPS1_FRAME""",42.33386,-71.10454,17.4,1.2,326617.33593701286,4688990.355343834,232848.0,19,T
1696386454445578555,"seq: 0
stamp: 
  secs: 84529
  nsecs:         0
frame_id: ""GPS1_FRAME""",42.33386,-71.10454166666666,16.9,1.2,326617.1986227331,4688990.358742057,232849.0,19,T
1696386455440887207,"seq: 0
stamp: 
  secs: 84530
  nsecs:         0
frame_id: ""GPS1_FRAME""",42.33386,-71.10454333333334,16.6,1.2,326617.06130845123,4688990.362140285,232850.0,19,T
1696386456443003547,"seq: 0
stamp: 
  secs: 84531
  nsecs:         0
frame_id: ""GPS1_FRAME""",42.33386,-71.10454333333334,16.4,1.2,326617.06130845123,4688990.362140285,232851.0,19,T
1696386457442742519,"seq: 0
stamp: 
  secs: 84532
  nsecs:         0
frame_id: ""GPS1_FRAME""",42.333861666666664,-71.104545,16.1,1.2,326616.9285742705,4688990.5506092245,232852.0,19,T
1696386458445510958,"seq: 0
stamp: 
  secs: 84533
  nsecs:         0
frame_id: ""GPS1_FRAME""",42.33386,-71.10454666666666,16.1,1.2,326616.7866798895,4688990.368936746,232853.0,19,T
1696386459485677772,"seq: 0
stamp: 
  secs: 84534
  nsecs:         0
frame_id: ""GPS1_FRAME""",42.33386,-71.10454666666666,15.8,1.2,326616.7866798895,4688990.368936746,232854.0,19,T
1696386460444936849,"seq: 0
stamp: 
  secs: 84535
  nsecs:         0
frame_id: ""GPS1_FRAME""",42.33385833333333,-71.10454333333334,15.7,1.3,326617.0567283558,4688990.177069573,232855.0,19,T
1696386461445901158,"seq: 0
stamp: 
  secs: 84536
  nsecs:         0
frame_id: ""GPS1_FRAME""",42.333861666666664,-71.10454333333334,15.8,1.3,326617.06588854664,4688990.547210995,232856.0,19,T
1696386462444873158,"seq: 0
stamp: 
  secs: 84537
  nsecs:         0
frame_id: ""GPS1_FRAME""",42.333865,-71.10454333333334,15.7,1.3,326617.07504873804,4688990.917352419,232857.0,19,T
1696386463448145026,"seq: 0
stamp: 
  secs: 84538
  nsecs:         0
frame_id: ""GPS1_FRAME""",42.33386333333333,-71.10454166666666,15.7,1.3,326617.2077829169,4688990.72888348,232858.0,19,T
1696386464449070226,"seq: 0
stamp: 
  secs: 84539
  nsecs:         0
frame_id: ""GPS1_FRAME""",42.33386333333333,-71.10454166666666,15.3,1.2,326617.2077829169,4688990.72888348,232859.0,19,T
1696386465447824651,"seq: 0
stamp: 
  secs: 84540
  nsecs:         0
frame_id: ""GPS1_FRAME""",42.33386,-71.10453833333334,15.2,1.3,326617.4732512947,4688990.351945612,232900.0,19,T
1696386466447250853,"seq: 0
stamp: 
  secs: 84541
  nsecs:         0
frame_id: ""GPS1_FRAME""",42.333855,-71.104535,15.3,1.3,326617.7341396232,4688989.789937044,232901.0,19,T
1696386467454136417,"seq: 0
stamp: 
  secs: 84542
  nsecs:         0
frame_id: ""GPS1_FRAME""",42.33385333333333,-71.10453,15.1,1.2,326618.1415024312,4688989.5946717,232902.0,19,T
1696386468450618217,"seq: 0
stamp: 
  secs: 84543
  nsecs:         0
frame_id: ""GPS1_FRAME""",42.33385666666667,-71.10452833333333,15.1,1.2,326618.2879768521,4688989.961414917,232903.0,19,T
1696386469452898878,"seq: 0
stamp: 
  secs: 84544
  nsecs:         0
frame_id: ""GPS1_FRAME""",42.333861666666664,-71.10452666666667,14.9,1.2,326618.439031316,4688990.513228848,232904.0,19,T
1696386470452831278,"seq: 0
stamp: 
  secs: 84545
  nsecs:         0
frame_id: ""GPS1_FRAME""",42.333861666666664,-71.10452666666667,14.7,1.2,326618.439031316,4688990.513228848,232905.0,19,T
1696386471452720993,"seq: 0
stamp: 
  secs: 84546
  nsecs:         0
frame_id: ""GPS1_FRAME""",42.333861666666664,-71.104525,14.6,1.2,326618.57634559413,4688990.509830648,232906.0,19,T
1696386472455395259,"seq: 0
stamp: 
  secs: 84547
  nsecs:         0
frame_id: ""GPS1_FRAME""",42.33385833333333,-71.10452,14.6,1.2,326618.9791283372,4688990.129494642,232907.0,19,T
1696386473490488764,"seq: 0
stamp: 
  secs: 84548
  nsecs:         0
frame_id: ""GPS1_FRAME""",42.33385166666667,-71.10451333333333,14.3,1.2,326619.51006535377,4688989.375619059,232908.0,19,T
1696386474453033830,"seq: 0
stamp: 
  secs: 84549
  nsecs:         0
frame_id: ""GPS1_FRAME""",42.333843333333334,-71.10450333333333,14.1,1.2,326620.3110511103,4688988.429876477,232909.0,19,T
1696386475458737135,"seq: 0
stamp: 
  secs: 84550
  nsecs:         0
frame_id: ""GPS1_FRAME""",42.333841666666665,-71.1045,14.1,1.2,326620.5810997423,4688988.238009444,232910.0,19,T
1696386476492295447,"seq: 0
stamp: 
  secs: 84551
  nsecs:         0
frame_id: ""GPS1_FRAME""",42.333843333333334,-71.10449833333334,14.0,1.2,326620.7229940576,4688988.419682,232911.0,19,T
1696386477455702282,"seq: 0
stamp: 
  secs: 84552
  nsecs:         0
frame_id: ""GPS1_FRAME""",42.33383833333333,-71.104495,13.8,1.2,326620.9838827258,4688987.857673563,232912.0,19,T
1696386478459026681,"seq: 0
stamp: 
  secs: 84553
  nsecs:         0
frame_id: ""GPS1_FRAME""",42.33383333333333,-71.104495,13.8,1.2,326620.97014276194,4688987.302461434,232913.0,19,T
1696386479457723506,"seq: 0
stamp: 
  secs: 84554
  nsecs:         0
frame_id: ""GPS1_FRAME""",42.333835,-71.104505,14.2,1.2,326620.1508367422,4688987.50792109,232914.0,19,T
1696386480496134094,"seq: 0
stamp: 
  secs: 84555
  nsecs:         0
frame_id: ""GPS1_FRAME""",42.33382833333334,-71.10451,14.2,1.2,326619.7205736571,4688986.777832759,232915.0,19,T
1696386481458342653,"seq: 0
stamp: 
  secs: 84556
  nsecs:         0
frame_id: ""GPS1_FRAME""",42.33381833333333,-71.10451166666667,14.4,1.2,326619.5557791675,4688985.670806675,232916.0,19,T
1696386482458858333,"seq: 0
stamp: 
  secs: 84557
  nsecs:         0
frame_id: ""GPS1_FRAME""",42.33381166666667,-71.104515,14.6,1.2,326619.262830306,4688984.937320194,232917.0,19,T
1696386483459765038,"seq: 0
stamp: 
  secs: 84558
  nsecs:         0
frame_id: ""GPS1_FRAME""",42.33380666666667,-71.10452,15.1,1.2,326618.83714703115,4688984.392302623,232918.0,19,T
1696386484461832469,"seq: 0
stamp: 
  secs: 84559
  nsecs:         0
frame_id: ""GPS1_FRAME""",42.333801666666666,-71.10451666666667,15.4,1.2,326619.09803572565,4688983.830294119,232919.0,19,T
1696386485462401638,"seq: 0
stamp: 
  secs: 84560
  nsecs:         0
frame_id: ""GPS1_FRAME""",42.33379333333333,-71.104515,15.6,1.2,326619.21244999155,4688982.901542391,232920.0,19,T
1696386486461489636,"seq: 0
stamp: 
  secs: 84561
  nsecs:         0
frame_id: ""GPS1_FRAME""",42.33378166666667,-71.104515,16.2,1.2,326619.18038980075,4688981.606047427,232921.0,19,T
1696386487462230488,"seq: 0
stamp: 
  secs: 84562
  nsecs:         0
frame_id: ""GPS1_FRAME""",42.333783333333336,-71.10451333333333,16.6,1.2,326619.32228427625,4688981.787719957,232922.0,19,T
1696386488463909239,"seq: 0
stamp: 
  secs: 84563
  nsecs:         0
frame_id: ""GPS1_FRAME""",42.33378,-71.10451,16.8,1.2,326619.5877531398,4688981.410782185,232923.0,19,T
1696386489464185165,"seq: 0
stamp: 
  secs: 84564
  nsecs:         0
frame_id: ""GPS1_FRAME""",42.333775,-71.10451,17.1,1.2,326619.57401309337,4688980.855570061,232924.0,19,T
1696386490465502118,"seq: 0
stamp: 
  secs: 84565
  nsecs:         0
frame_id: ""GPS1_FRAME""",42.33377333333333,-71.10450833333333,17.3,1.2,326619.70674754644,4688980.66710118,232925.0,19,T
1696386491465665201,"seq: 0
stamp: 
  secs: 84566
  nsecs:         0
frame_id: ""GPS1_FRAME""",42.33376666666667,-71.10450666666667,17.8,1.2,326619.82574198453,4688979.923420176,232926.0,19,T
1696386492463248296,"seq: 0
stamp: 
  secs: 84567
  nsecs:         0
frame_id: ""GPS1_FRAME""",42.33376,-71.10450666666667,18.0,1.2,326619.8074219566,4688979.183137343,232927.0,19,T
1696386493498915531,"seq: 0
stamp: 
  secs: 84568
  nsecs:         0
frame_id: ""GPS1_FRAME""",42.33375,-71.10450666666667,18.3,1.2,326619.7799419193,4688978.072713096,232928.0,19,T
1696386494467138138,"seq: 0
stamp: 
  secs: 84569
  nsecs:         0
frame_id: ""GPS1_FRAME""",42.333745,-71.104505,18.8,1.2,326619.9035164347,4688977.514102806,232929.0,19,T
1696386495464163066,"seq: 0
stamp: 
  secs: 84570
  nsecs:         0
frame_id: ""GPS1_FRAME""",42.33374,-71.10450333333333,18.8,1.2,326620.0270909732,4688976.955492519,232930.0,19,T
1696386496464752170,"seq: 0
stamp: 
  secs: 84571
  nsecs:         0
frame_id: ""GPS1_FRAME""",42.333733333333335,-71.10450166666666,19.2,1.2,326620.14608553716,4688976.2118115295,232931.0,19,T
1696386497502571563,"seq: 0
stamp: 
  secs: 84572
  nsecs:         0
frame_id: ""GPS1_FRAME""",42.333726666666664,-71.1045,19.4,1.2,326620.26508013665,4688975.468130541,232932.0,19,T
1696386498464876424,"seq: 0
stamp: 
  secs: 84573
  nsecs:         0
frame_id: ""GPS1_FRAME""",42.33371833333333,-71.104495,19.7,1.2,326620.6541239587,4688974.532582549,232933.0,19,T
1696386499467960262,"seq: 0
stamp: 
  secs: 84574
  nsecs:         0
frame_id: ""GPS1_FRAME""",42.333713333333336,-71.10449666666666,20.0,1.2,326620.50306942774,4688973.980768579,232934.0,19,T
1696386500470436440,"seq: 0
stamp: 
  secs: 84575
  nsecs:         0
frame_id: ""GPS1_FRAME""",42.33370166666667,-71.10449,20.2,1.2,326621.0202680654,4688972.671681052,232935.0,19,T
1696386501470066346,"seq: 0
stamp: 
  secs: 84576
  nsecs:         0
frame_id: ""GPS1_FRAME""",42.333695,-71.10448833333334,20.3,1.2,326621.1392628467,4688971.928000087,232936.0,19,T
1696386502503962574,"seq: 0
stamp: 
  secs: 84577
  nsecs:         0
frame_id: ""GPS1_FRAME""",42.33369166666667,-71.10448666666667,20.6,1.2,326621.26741757104,4688971.554460538,232937.0,19,T
1696386503473095236,"seq: 0
stamp: 
  secs: 84578
  nsecs:         0
frame_id: ""GPS1_FRAME""",42.333688333333335,-71.10448666666667,21.3,1.2,326621.25825765723,4688971.184319127,232938.0,19,T
1696386504473410673,"seq: 0
stamp: 
  secs: 84579
  nsecs:         0
frame_id: ""GPS1_FRAME""",42.333685,-71.10448833333334,21.7,1.2,326621.1117830834,4688970.8175758505,232939.0,19,T
1696386505472093953,"seq: 0
stamp: 
  secs: 84580
  nsecs:         0
frame_id: ""GPS1_FRAME""",42.33368166666666,-71.104485,21.6,1.2,326621.3772524992,4688970.440638171,232940.0,19,T
1696386506472906378,"seq: 0
stamp: 
  secs: 84581
  nsecs:         0
frame_id: ""GPS1_FRAME""",42.33367833333333,-71.104485,21.9,1.2,326621.3680925944,4688970.070496758,232941.0,19,T
1696386507472343326,"seq: 0
stamp: 
  secs: 84582
  nsecs:         0
frame_id: ""GPS1_FRAME""",42.33367833333333,-71.10448333333333,22.2,1.2,326621.50540727156,4688970.067098629,232942.0,19,T
1696386508473629074,"seq: 0
stamp: 
  secs: 84583
  nsecs:         0
frame_id: ""GPS1_FRAME""",42.33367666666667,-71.10449,22.9,1.2,326620.9515686039,4688969.895620462,232943.0,19,T
1696386509473467253,"seq: 0
stamp: 
  secs: 84584
  nsecs:         0
frame_id: ""GPS1_FRAME""",42.33367,-71.10448833333334,23.5,1.2,326621.0705634485,4688969.1519395,232944.0,19,T
1696386510513144329,"seq: 0
stamp: 
  secs: 84585
  nsecs:         0
frame_id: ""GPS1_FRAME""",42.333666666666666,-71.10448333333333,23.9,1.2,326621.4733476349,4688968.7716036895,232945.0,19,T
1696386511475007238,"seq: 0
stamp: 
  secs: 84586
  nsecs:         0
frame_id: ""GPS1_FRAME""",42.333665,-71.10449,24.4,1.2,326620.9195088666,4688968.600125522,232946.0,19,T
1696386512476058837,"seq: 0
stamp: 
  secs: 84587
  nsecs:         0
frame_id: ""GPS1_FRAME""",42.333663333333334,-71.10449166666666,24.7,1.2,326620.7776141969,4688968.418452959,232947.0,19,T
1696386513474680914,"seq: 0
stamp: 
  secs: 84588
  nsecs:         0
frame_id: ""GPS1_FRAME""",42.333663333333334,-71.104495,25.2,1.2,326620.50298477913,4688968.425249249,232948.0,19,T
1696386514477812045,"seq: 0
stamp: 
  secs: 84589
  nsecs:         0
frame_id: ""GPS1_FRAME""",42.333665,-71.104495,25.6,1.2,326620.5075647519,4688968.610319953,232949.0,19,T
1696386515475361499,"seq: 0
stamp: 
  secs: 84590
  nsecs:         0
frame_id: ""GPS1_FRAME""",42.33367166666667,-71.104495,25.7,1.5,326620.5258846445,4688969.350602777,232950.0,19,T
1696386516479418819,"seq: 0
stamp: 
  secs: 84591
  nsecs:         0
frame_id: ""GPS1_FRAME""",42.33367,-71.104495,26.1,1.2,326620.5213046712,4688969.16553207,232951.0,19,T
1696386517477509658,"seq: 0
stamp: 
  secs: 84592
  nsecs:         0
frame_id: ""GPS1_FRAME""",42.33367333333333,-71.10450166666666,26.3,1.2,326619.98120586947,4688969.549266094,232952.0,19,T
1696386518477448396,"seq: 0
stamp: 
  secs: 84593
  nsecs:         0
frame_id: ""GPS1_FRAME""",42.33367333333333,-71.10450166666666,26.2,1.2,326619.98120586947,4688969.549266094,232953.0,19,T
1696386519478479906,"seq: 0
stamp: 
  secs: 84594
  nsecs:         0
frame_id: ""GPS1_FRAME""",42.33367333333333,-71.1045,25.7,1.2,326620.11852055765,4688969.545867937,232954.0,19,T
1696386520479691315,"seq: 0
stamp: 
  secs: 84595
  nsecs:         0
frame_id: ""GPS1_FRAME""",42.333675,-71.104505,26.2,1.2,326619.7111564927,4688969.741133124,232955.0,19,T
1696386521479767035,"seq: 0
stamp: 
  secs: 84596
  nsecs:         0
frame_id: ""GPS1_FRAME""",42.33367333333333,-71.10450833333333,26.2,1.2,326619.43194712285,4688969.562858751,232956.0,19,T
1696386522479156073,"seq: 0
stamp: 
  secs: 84597
  nsecs:         0
frame_id: ""GPS1_FRAME""",42.33367333333333,-71.10451333333333,26.5,1.2,326619.0200030622,4688969.5730532715,232957.0,19,T
1696386523517495386,"seq: 0
stamp: 
  secs: 84598
  nsecs:         0
frame_id: ""GPS1_FRAME""",42.33367166666667,-71.104515,26.3,1.2,326618.87810835685,4688969.391380746,232958.0,19,T
1696386524479051731,"seq: 0
stamp: 
  secs: 84599
  nsecs:         0
frame_id: ""GPS1_FRAME""",42.33367,-71.10451666666667,26.3,1.2,326618.73621364636,4688969.209708221,232959.0,19,T
1696386525480482669,"seq: 0
stamp: 
  secs: 84600
  nsecs:         0
frame_id: ""GPS1_FRAME""",42.333668333333335,-71.10451666666667,26.0,1.2,326618.7316336259,4688969.024637516,233000.0,19,T
1696386526482646758,"seq: 0
stamp: 
  secs: 84601
  nsecs:         0
frame_id: ""GPS1_FRAME""",42.33367166666667,-71.10451666666667,26.3,1.2,326618.7407936669,4688969.394778928,233001.0,19,T
1696386527520934307,"seq: 0
stamp: 
  secs: 84602
  nsecs:         0
frame_id: ""GPS1_FRAME""",42.33367166666667,-71.104515,26.1,1.2,326618.87810835685,4688969.391380746,233002.0,19,T
1696386528483555432,"seq: 0
stamp: 
  secs: 84603
  nsecs:         0
frame_id: ""GPS1_FRAME""",42.333668333333335,-71.104515,26.0,1.2,326618.86894832307,4688969.021239335,233003.0,19,T
1696386529483597325,"seq: 0
stamp: 
  secs: 84604
  nsecs:         0
frame_id: ""GPS1_FRAME""",42.333668333333335,-71.10452,26.4,1.2,326618.45700423163,4688969.031433888,233004.0,19,T
1696386530523531515,"seq: 0
stamp: 
  secs: 84605
  nsecs:         0
frame_id: ""GPS1_FRAME""",42.333668333333335,-71.104525,26.8,1.2,326618.04506013595,4688969.041628464,233005.0,19,T
1696386531480072176,"seq: 0
stamp: 
  secs: 84606
  nsecs:         0
frame_id: ""GPS1_FRAME""",42.333668333333335,-71.10453,26.8,1.5,326617.6331160401,4688969.051823066,233006.0,19,T
1696386532485914697,"seq: 0
stamp: 
  secs: 84607
  nsecs:         0
frame_id: ""GPS1_FRAME""",42.333665,-71.10453833333334,27.3,1.2,326616.9373824168,4688968.698672709,233007.0,19,T
1696386533483006024,"seq: 0
stamp: 
  secs: 84608
  nsecs:         0
frame_id: ""GPS1_FRAME""",42.333665,-71.10454,27.1,1.5,326616.8000677101,4688968.702070927,233008.0,19,T
1696386534487889854,"seq: 0
stamp: 
  secs: 84609
  nsecs:         0
frame_id: ""GPS1_FRAME""",42.333666666666666,-71.10454333333334,26.8,1.2,326616.5300183771,4688968.89393808,233009.0,19,T
1696386535481910965,"seq: 0
stamp: 
  secs: 84610
  nsecs:         0
frame_id: ""GPS1_FRAME""",42.333666666666666,-71.10454666666666,26.6,1.5,326616.25538897293,4688968.900734538,233010.0,19,T
1696386536482316901,"seq: 0
stamp: 
  secs: 84611
  nsecs:         0
frame_id: ""GPS1_FRAME""",42.333666666666666,-71.10455,26.5,1.5,326615.9807595709,4688968.907531006,233011.0,19,T
1696386537481630023,"seq: 0
stamp: 
  secs: 84612
  nsecs:         0
frame_id: ""GPS1_FRAME""",42.33367166666667,-71.10454666666666,26.3,1.5,326616.2691292303,4688969.455946657,233012.0,19,T
1696386538483179110,"seq: 0
stamp: 
  secs: 84613
  nsecs:         0
frame_id: ""GPS1_FRAME""",42.333675,-71.10454166666666,26.2,1.5,326616.6902334553,4688969.8158933865,233013.0,19,T
1696386539488888989,"seq: 0
stamp: 
  secs: 84614
  nsecs:         0
frame_id: ""GPS1_FRAME""",42.33367666666667,-71.10453833333334,26.3,1.2,326616.9694428912,4688969.994167651,233014.0,19,T
1696386540488305307,"seq: 0
stamp: 
  secs: 84615
  nsecs:         0
frame_id: ""GPS1_FRAME""",42.33367666666667,-71.10453666666666,26.1,1.5,326617.10675757035,4688969.990769435,233015.0,19,T
1696386541489609720,"seq: 0
stamp: 
  secs: 84616
  nsecs:         0
frame_id: ""GPS1_FRAME""",42.33367666666667,-71.10454,25.8,1.5,326616.83212820994,4688969.99756587,233016.0,19,T
1696386542491947298,"seq: 0
stamp: 
  secs: 84617
  nsecs:         0
frame_id: ""GPS1_FRAME""",42.333675,-71.10454333333334,25.9,1.2,326616.55291877035,4688969.819291611,233017.0,19,T
1696386543528027082,"seq: 0
stamp: 
  secs: 84618
  nsecs:         0
frame_id: ""GPS1_FRAME""",42.33367166666667,-71.10454666666666,26.0,1.2,326616.2691292303,4688969.455946657,233018.0,19,T
1696386544490990560,"seq: 0
stamp: 
  secs: 84619
  nsecs:         0
frame_id: ""GPS1_FRAME""",42.333668333333335,-71.104545,26.1,1.2,326616.39728375804,4688969.082407014,233019.0,19,T
1696386545492763877,"seq: 0
stamp: 
  secs: 84620
  nsecs:         0
frame_id: ""GPS1_FRAME""",42.333666666666666,-71.10453833333334,26.4,1.2,326616.9419624841,4688968.883743415,233020.0,19,T
1696386546491363456,"seq: 0
stamp: 
  secs: 84621
  nsecs:         0
frame_id: ""GPS1_FRAME""",42.33367,-71.10453,26.3,1.2,326617.6376960896,4688969.23689377,233021.0,19,T
1696386547532239362,"seq: 0
stamp: 
  secs: 84622
  nsecs:         0
frame_id: ""GPS1_FRAME""",42.33367,-71.10452666666667,26.1,1.2,326617.91232547886,4688969.2300973665,233022.0,19,T
1696386548491855482,"seq: 0
stamp: 
  secs: 84623
  nsecs:         0
frame_id: ""GPS1_FRAME""",42.333675,-71.10452333333333,26.0,1.5,326618.2006949738,4688969.778513093,233023.0,19,T
1696386549493076922,"seq: 0
stamp: 
  secs: 84624
  nsecs:         0
frame_id: ""GPS1_FRAME""",42.33368,-71.10452333333333,26.0,1.5,326618.2144350809,4688970.333725209,233024.0,19,T
1696386550492010738,"seq: 0
stamp: 
  secs: 84625
  nsecs:         0
frame_id: ""GPS1_FRAME""",42.33368333333333,-71.10451666666667,25.7,1.5,326618.772853815,4688970.690273868,233025.0,19,T
1696386551492272096,"seq: 0
stamp: 
  secs: 84626
  nsecs:         0
frame_id: ""GPS1_FRAME""",42.33368166666666,-71.10451333333333,25.6,1.5,326619.0429031317,4688970.498406801,233026.0,19,T
1696386552494994918,"seq: 0
stamp: 
  secs: 84627
  nsecs:         0
frame_id: ""GPS1_FRAME""",42.33368166666666,-71.10450666666667,25.4,1.5,326619.59216180583,4688970.484814113,233027.0,19,T
1696386553530937104,"seq: 0
stamp: 
  secs: 84628
  nsecs:         0
frame_id: ""GPS1_FRAME""",42.33368333333333,-71.10450666666667,25.1,1.5,326619.59674180567,4688970.669884819,233028.0,19,T
1696386554493312450,"seq: 0
stamp: 
  secs: 84629
  nsecs:         0
frame_id: ""GPS1_FRAME""",42.333688333333335,-71.10450666666667,25.0,1.5,326619.61048180604,4688971.225096937,233029.0,19,T
1696386555490888016,"seq: 0
stamp: 
  secs: 84630
  nsecs:         0
frame_id: ""GPS1_FRAME""",42.333693333333336,-71.104505,25.0,1.5,326619.7615364524,4688971.77691089,233030.0,19,T
1696386556493037337,"seq: 0
stamp: 
  secs: 84631
  nsecs:         0
frame_id: ""GPS1_FRAME""",42.33369666666667,-71.10450666666667,25.3,1.5,326619.6333818096,4688972.150450468,233031.0,19,T
1696386557494249458,"seq: 0
stamp: 
  secs: 84632
  nsecs:         0
frame_id: ""GPS1_FRAME""",42.3337,-71.104505,25.2,1.5,326619.7798564421,4688972.517193715,233032.0,19,T
1696386558495611116,"seq: 0
stamp: 
  secs: 84633
  nsecs:         0
frame_id: ""GPS1_FRAME""",42.3337,-71.1045,25.2,1.5,326620.1918003283,4688972.506999234,233033.0,19,T
1696386559496539167,"seq: 0
stamp: 
  secs: 84634
  nsecs:         0
frame_id: ""GPS1_FRAME""",42.333705,-71.1045,24.9,1.2,326620.2055402895,4688973.062211353,233034.0,19,T
1696386560496701918,"seq: 0
stamp: 
  secs: 84635
  nsecs:         0
frame_id: ""GPS1_FRAME""",42.333713333333336,-71.1045,24.9,1.2,326620.2284402278,4688973.987564887,233035.0,19,T
1696386561531778958,"seq: 0
stamp: 
  secs: 84636
  nsecs:         0
frame_id: ""GPS1_FRAME""",42.33371833333333,-71.10449833333334,24.7,1.2,326620.37949478056,4688974.539378852,233036.0,19,T
1696386562498746346,"seq: 0
stamp: 
  secs: 84637
  nsecs:         0
frame_id: ""GPS1_FRAME""",42.333715,-71.104495,25.2,1.2,326620.6449640038,4688974.162441136,233037.0,19,T
1696386563500858629,"seq: 0
stamp: 
  secs: 84638
  nsecs:         0
frame_id: ""GPS1_FRAME""",42.333706666666664,-71.10449166666666,25.5,1.2,326620.89669334824,4688973.230291311,233038.0,19,T
1696386564500348983,"seq: 0
stamp: 
  secs: 84639
  nsecs:         0
frame_id: ""GPS1_FRAME""",42.33370166666667,-71.10449,25.7,1.2,326621.0202680654,4688972.671681052,233039.0,19,T
1696386565503181929,"seq: 0
stamp: 
  secs: 84640
  nsecs:         0
frame_id: ""GPS1_FRAME""",42.3337,-71.10449,25.7,1.2,326621.01568810025,4688972.486610345,233040.0,19,T
1696386566503265013,"seq: 0
stamp: 
  secs: 84641
  nsecs:         0
frame_id: ""GPS1_FRAME""",42.33370166666667,-71.10449,25.7,1.2,326621.0202680654,4688972.671681052,233041.0,19,T
1696386567498479930,"seq: 0
stamp: 
  secs: 84642
  nsecs:         0
frame_id: ""GPS1_FRAME""",42.333706666666664,-71.104485,25.7,1.2,326621.4459518039,4688973.216698761,233042.0,19,T
1696386568503086164,"seq: 0
stamp: 
  secs: 84643
  nsecs:         0
frame_id: ""GPS1_FRAME""",42.333713333333336,-71.10447833333333,25.6,1.2,326622.0135300235,4688973.94338908,233043.0,19,T
1696386569499761474,"seq: 0
stamp: 
  secs: 84644
  nsecs:         0
frame_id: ""GPS1_FRAME""",42.333725,-71.10448166666667,25.6,1.5,326621.770960464,4688975.245680274,233044.0,19,T
1696386570502360547,"seq: 0
stamp: 
  secs: 84645
  nsecs:         0
frame_id: ""GPS1_FRAME""",42.33373,-71.10448666666667,25.4,1.5,326621.3727566224,4688975.81108679,233045.0,19,T
1696386571499674404,"seq: 0
stamp: 
  secs: 84646
  nsecs:         0
frame_id: ""GPS1_FRAME""",42.333735,-71.10449166666666,25.3,1.5,326620.9745528473,4688976.376493328,233046.0,19,T
1696386572501417294,"seq: 0
stamp: 
  secs: 84647
  nsecs:         0
frame_id: ""GPS1_FRAME""",42.33374166666667,-71.10448833333334,25.1,1.5,326621.26750181196,4688977.109979876,233047.0,19,T
1696386573503192384,"seq: 0
stamp: 
  secs: 84648
  nsecs:         0
frame_id: ""GPS1_FRAME""",42.333756666666666,-71.10447833333333,25.1,1.5,326622.13260853465,4688978.755227465,233048.0,19,T
1696386574545320127,"seq: 0
stamp: 
  secs: 84649
  nsecs:         0
frame_id: ""GPS1_FRAME""",42.333765,-71.10447166666667,25.0,1.2,326622.7047662088,4688979.666988538,233049.0,19,T
1696386575505127906,"seq: 0
stamp: 
  secs: 84650
  nsecs:         0
frame_id: ""GPS1_FRAME""",42.333765,-71.10447166666667,24.8,1.2,326622.7047662088,4688979.666988538,233050.0,19,T
1696386576508309787,"seq: 0
stamp: 
  secs: 84651
  nsecs:         0
frame_id: ""GPS1_FRAME""",42.33376833333333,-71.10447166666667,24.7,1.2,326622.7139260707,4688980.0371299535,233051.0,19,T
1696386577544830562,"seq: 0
stamp: 
  secs: 84652
  nsecs:         0
frame_id: ""GPS1_FRAME""",42.333775,-71.10447166666667,24.5,1.2,326622.7322457966,4688980.777412786,233052.0,19,T
1696386578507581961,"seq: 0
stamp: 
  secs: 84653
  nsecs:         0
frame_id: ""GPS1_FRAME""",42.333783333333336,-71.10447,24.4,1.2,326622.8924599034,4688981.699368218,233053.0,19,T
1696386579508579236,"seq: 0
stamp: 
  secs: 84654
  nsecs:         0
frame_id: ""GPS1_FRAME""",42.33378833333333,-71.10447166666667,24.3,1.2,326622.76888525527,4688982.257978453,233054.0,19,T
1696386580508909600,"seq: 0
stamp: 
  secs: 84655
  nsecs:         0
frame_id: ""GPS1_FRAME""",42.333798333333334,-71.10447666666667,24.2,1.5,326622.3844216127,4688983.378597052,233055.0,19,T
1696386581548545701,"seq: 0
stamp: 
  secs: 84656
  nsecs:         0
frame_id: ""GPS1_FRAME""",42.333803333333336,-71.10448,24.1,1.2,326622.12353263993,4688983.940605424,233056.0,19,T
1696386582510575888,"seq: 0
stamp: 
  secs: 84657
  nsecs:         0
frame_id: ""GPS1_FRAME""",42.33381,-71.10448166666667,23.9,1.2,326622.0045380605,4688984.684286388,233057.0,19,T
1696386583511802940,"seq: 0
stamp: 
  secs: 84658
  nsecs:         0
frame_id: ""GPS1_FRAME""",42.33381166666667,-71.10448833333334,23.8,1.2,326621.45986047667,4688984.88294963,233058.0,19,T
