Time,header.seq,header.stamp.secs,header.stamp.nsecs,header.frame_id,latitude,longitude,altitude,utm_easting,utm_northing,zone,letter,hdop,gpgga_read
1712110388.2807589,282,1712110388,0,GPS1_Frame,42.29633833333334,-71.14387833333333,47.3,323271.3002068314,4684904.81886335,19,T,1.8,
1712110389.281188,283,1712110389,0,GPS1_Frame,42.29635666666666,-71.14403833333334,47.8,323258.161449642,4684907.186939443,19,T,1.8,
1712110390.281568,284,1712110390,0,GPS1_Frame,42.29637666666666,-71.14419333333333,49.0,323245.4395518523,4684909.729724847,19,T,1.8,
1712110391.2789068,285,1712110391,0,GPS1_Frame,42.29640333333334,-71.14434333333334,49.8,323233.14850438235,4684913.002427657,19,T,1.8,
1712110392.2787235,286,1712110392,0,GPS1_Frame,42.296429999999994,-71.14448333333333,50.2,323221.68184408697,4684916.254378154,19,T,1.8,
1712110393.2802634,287,1712110393,0,GPS1_Frame,42.296463333333335,-71.14462333333333,50.2,323210.23384965153,4684920.246628209,19,T,1.8,
1712110394.2802508,288,1712110394,0,GPS1_Frame,42.29649333333334,-71.14475999999999,50.3,323199.0513306607,4684923.861831488,19,T,1.8,
1712110395.2794795,289,1712110395,0,GPS1_Frame,42.296525,-71.14489166666667,50.5,323188.28567476885,4684927.651734007,19,T,1.8,
1712110396.279939,290,1712110396,0,GPS1_Frame,42.296551666666666,-71.14500333333334,51.0,323179.1547854451,4684930.844884427,19,T,1.8,
1712110397.2812726,291,1712110397,0,GPS1_Frame,42.29657666666667,-71.14509666666666,51.6,323171.5305927689,4684933.81487983,19,T,1.8,
1712110398.2807736,292,1712110398,0,GPS1_Frame,42.29660333333333,-71.14516833333333,51.9,323165.69721637195,4684936.924928547,19,T,1.8,
1712110399.2803218,293,1712110399,0,GPS1_Frame,42.29663833333334,-71.14522833333334,52.5,323160.8489417825,4684940.936087932,19,T,1.8,
1712110400.2797122,294,1712110400,0,GPS1_Frame,42.296690000000005,-71.14529666666667,53.2,323155.36034995987,4684946.815270558,19,T,1.8,
1712110401.279605,295,1712110401,0,GPS1_Frame,42.296744999999994,-71.14536666666666,54.0,323149.7437033899,4684953.068061874,19,T,1.8,
1712110402.2794545,296,1712110402,0,GPS1_Frame,42.296785,-71.14541666666668,55.4,323145.7338188519,4684957.6136601325,19,T,1.8,
1712110403.2799466,297,1712110403,0,GPS1_Frame,42.29682833333333,-71.14544500000001,56.6,323143.51941000787,4684962.484369996,19,T,1.8,
1712110404.2795227,298,1712110404,0,GPS1_Frame,42.29689833333334,-71.14548666666666,56.6,323140.2804983866,4684970.343914785,19,T,1.8,
1712110405.2801182,299,1712110405,0,GPS1_Frame,42.29697833333333,-71.14551,56.3,323138.5809354249,4684979.275777824,19,T,1.8,
1712110406.2802868,300,1712110406,0,GPS1_Frame,42.29706666666666,-71.14553500000001,55.6,323136.767313321,4684989.136456337,19,T,1.8,
1712110407.2802722,301,1712110407,0,GPS1_Frame,42.297171666666664,-71.145575,55.5,323133.7638080999,4685000.8790142145,19,T,1.8,
1712110408.28113,302,1712110408,0,GPS1_Frame,42.297265,-71.14560166666666,55.5,323131.8268051224,4685011.298369302,19,T,1.8,
1712110409.280428,303,1712110409,0,GPS1_Frame,42.29736,-71.145635,54.7,323129.34489895153,4685021.916652317,19,T,1.8,
1712110410.279887,304,1712110410,0,GPS1_Frame,42.29744833333333,-71.14567333333333,54.6,323126.4321541281,4685031.805048832,19,T,1.8,
1712110411.2793338,305,1712110411,0,GPS1_Frame,42.29755,-71.145725,54.6,323122.45760099665,4685043.201723204,19,T,1.8,
1712110412.2808774,306,1712110412,0,GPS1_Frame,42.297655,-71.145775,54.2,323118.6297889346,4685054.965076285,19,T,1.8,
1712110413.2794926,307,1712110413,0,GPS1_Frame,42.29776166666667,-71.14583333333333,53.9,323114.11969171965,4685066.930824969,19,T,1.8,
1712110414.2791471,308,1712110414,0,GPS1_Frame,42.29786666666667,-71.14588666666667,54.3,323110.01712347905,4685078.70111311,19,T,1.8,
1712110415.2786996,309,1712110415,0,GPS1_Frame,42.297973333333324,-71.145945,53.8,323105.5070591433,4685090.666868652,19,T,1.8,
1712110416.2797427,310,1712110416,0,GPS1_Frame,42.29808500000001,-71.14600666666666,53.6,323100.7362281522,4685103.1947679985,19,T,1.8,
1712110417.2795744,311,1712110417,0,GPS1_Frame,42.298186666666666,-71.14605833333333,53.4,323096.76176567475,4685114.591460617,19,T,1.8,
1712110418.2794611,312,1712110418,0,GPS1_Frame,42.29827333333333,-71.14610666666667,53.4,323093.0200947467,4685124.31559435,19,T,1.8,
1712110419.2799513,313,1712110419,0,GPS1_Frame,42.29835,-71.14615833333333,52.7,323088.9756459347,4685132.936239552,19,T,1.8,
1712110420.280199,314,1712110420,0,GPS1_Frame,42.298431666666666,-71.14620833333333,52.5,323085.0826025903,4685142.108632906,19,T,1.8,
1712110421.28031,315,1712110421,0,GPS1_Frame,42.298513333333325,-71.14626333333334,52.2,323080.7773954219,4685151.291424622,19,T,1.8,
1712110422.2804847,316,1712110422,0,GPS1_Frame,42.29859666666666,-71.14632,52.2,323076.33947682806,4685160.662754996,19,T,1.8,
1712110423.280427,317,1712110423,0,GPS1_Frame,42.29868,-71.14635833333334,52.5,323073.41287469317,4685169.995968938,19,T,1.8,
1712110424.2794008,318,1712110424,0,GPS1_Frame,42.298761666666664,-71.14639166666666,52.6,323070.89378638176,4685179.133717835,19,T,1.8,
1712110425.2787213,319,1712110425,0,GPS1_Frame,42.298849999999995,-71.14641,52.8,323069.6298961883,4685188.98055918,19,T,1.8,
1712110426.2790666,320,1712110426,0,GPS1_Frame,42.298939999999995,-71.14642,52.9,323069.05763227143,4685198.995143592,19,T,1.8,
1712110427.2794628,321,1712110427,0,GPS1_Frame,42.299031666666664,-71.14642333333333,53.1,323069.0396012957,4685209.180936348,19,T,1.8,
1712110428.2819772,322,1712110428,0,GPS1_Frame,42.299125000000004,-71.14642666666667,53.2,323069.0262397778,4685219.551799474,19,T,1.8,
1712110429.2822201,323,1712110429,0,GPS1_Frame,42.299205,-71.14642333333333,53.2,323069.52509419224,4685228.42823888,19,T,1.8,
1712110430.280816,324,1712110430,0,GPS1_Frame,42.299295,-71.14643,52.8,323069.22761803307,4685238.435892909,19,T,1.8,
1712110431.2820673,325,1712110431,0,GPS1_Frame,42.299393333333335,-71.14645166666666,52.8,323067.71697786613,4685249.400088304,19,T,1.8,
1712110432.281679,326,1712110432,0,GPS1_Frame,42.29950166666666,-71.14648166666666,53.0,323065.54740653344,4685261.4920338,19,T,1.8,
1712110433.281693,327,1712110433,0,GPS1_Frame,42.29960166666667,-71.1465,53.2,323064.3162268554,4685272.634369603,19,T,1.8,
1712110434.2819505,328,1712110434,0,GPS1_Frame,42.29970166666667,-71.14651833333333,53.4,323063.0850525092,4685283.776705927,19,T,1.8,
1712110435.2804682,329,1712110435,0,GPS1_Frame,42.299796666666666,-71.14652333333333,53.4,323062.93898853404,4685294.336106411,19,T,1.8,
1712110436.2803557,330,1712110436,0,GPS1_Frame,42.29989333333333,-71.14652833333334,53.3,323062.79759478575,4685305.0805773195,19,T,1.8,
1712110437.2795057,331,1712110437,0,GPS1_Frame,42.29998666666667,-71.146535,53.8,323062.50947736367,4685315.458373644,19,T,1.8,
1712110438.2797892,332,1712110438,0,GPS1_Frame,42.30007166666666,-71.14654166666666,53.7,323062.198019314,4685324.910818942,19,T,1.8,
1712110439.2797375,333,1712110439,0,GPS1_Frame,42.30014833333333,-71.14654833333334,53.6,323061.8632203015,4685333.437913178,19,T,1.8,
1712110440.2805731,334,1712110440,0,GPS1_Frame,42.30022333333333,-71.14655666666665,53.9,323061.38636646356,4685341.783403062,19,T,1.8,
1712110441.2805233,335,1712110441,0,GPS1_Frame,42.300285,-71.14655666666665,53.9,323061.55910443165,4685348.631002309,19,T,1.8,
1712110442.2799425,336,1712110442,0,GPS1_Frame,42.30035666666666,-71.14656666666666,53.5,323060.9355286066,4685356.609817709,19,T,1.8,
1712110443.2791839,337,1712110443,0,GPS1_Frame,42.300435,-71.14657833333334,54.1,323060.193242114,4685365.332380113,19,T,1.8,
1712110444.2796106,338,1712110444,0,GPS1_Frame,42.30049999999999,-71.14658333333334,54.0,323059.96315798984,4685372.560517486,19,T,1.8,
1712110445.2798696,339,1712110445,0,GPS1_Frame,42.30055666666667,-71.14658333333334,54.5,323060.1218929922,4685378.852906253,19,T,1.7,
1712110446.2803903,340,1712110446,0,GPS1_Frame,42.300618333333325,-71.14659,54.7,323059.74508609006,4685385.714369076,19,T,1.7,
1712110447.279771,341,1712110447,0,GPS1_Frame,42.30069166666667,-71.14661333333333,55.1,323058.0270927771,4685393.905982223,19,T,1.7,
1712110448.2800035,342,1712110448,0,GPS1_Frame,42.300758333333334,-71.14664333333333,55.7,323055.7408820542,4685401.3711785255,19,T,1.7,
1712110449.2799475,343,1712110449,0,GPS1_Frame,42.300805000000004,-71.14665833333333,55.6,323054.6351296534,4685406.5843391735,19,T,1.7,
1712110450.2801137,344,1712110450,0,GPS1_Frame,42.300846666666665,-71.14665666666666,55.9,323054.8892378557,4685411.207629923,19,T,1.7,
1712110451.2800152,345,1712110451,0,GPS1_Frame,42.30088000000001,-71.14665166666667,56.3,323055.39477457455,4685414.898637528,19,T,1.7,
1712110452.2799904,346,1712110452,0,GPS1_Frame,42.30092166666667,-71.146645,56.8,323056.06104153965,4685419.511530612,19,T,1.7,
1712110453.28035,347,1712110453,0,GPS1_Frame,42.30096166666667,-71.146645,57.0,323056.17309389426,4685423.953217092,19,T,1.7,
1712110454.2790582,348,1712110454,0,GPS1_Frame,42.30100000000001,-71.14664333333333,57.5,323056.41786368535,4685428.206367425,19,T,1.7,
1712110455.2801895,349,1712110455,0,GPS1_Frame,42.301035,-71.14664333333333,58.3,323056.51590956305,4685432.092843137,19,T,1.7,
1712110456.2793105,350,1712110456,0,GPS1_Frame,42.30106666666667,-71.14666666666668,58.8,323054.6812129953,4685435.657701235,19,T,1.7,
1712110457.2790427,351,1712110457,0,GPS1_Frame,42.301091666666665,-71.14670833333334,59.1,323051.3165965352,4685438.5204047235,19,T,1.7,
1712110458.2786212,352,1712110458,0,GPS1_Frame,42.301116666666665,-71.14676333333334,59.3,323046.8528952315,4685441.410838616,19,T,1.7,
1712110459.2799125,353,1712110459,0,GPS1_Frame,42.301136666666665,-71.14683666666666,59.1,323040.8639448397,4685443.784192861,19,T,1.7,
1712110460.2799911,354,1712110460,0,GPS1_Frame,42.30113500000001,-71.14690166666666,59.1,323035.50122506253,4685443.7343070805,19,T,1.7,
1712110461.2790399,355,1712110461,0,GPS1_Frame,42.30112999999999,-71.14697500000001,59.0,323029.44223623583,4685443.331617002,19,T,1.7,
1712110462.2793272,356,1712110462,0,GPS1_Frame,42.30111,-71.14702833333334,59.2,323024.9898503403,4685441.221701116,19,T,1.7,
1712110463.2796593,357,1712110463,0,GPS1_Frame,42.30108499999999,-71.14706833333334,59.4,323021.6225403944,4685438.5288443295,19,T,1.7,
1712110464.2802768,358,1712110464,0,GPS1_Frame,42.30103666666667,-71.14706,59.8,323022.1740473892,4685433.144473345,19,T,1.7,
1712110465.279894,359,1712110465,0,GPS1_Frame,42.300936666666665,-71.14694833333333,59.7,323031.09874703456,4685421.808002283,19,T,1.7,
1712110466.2789752,360,1712110466,0,GPS1_Frame,42.30083333333334,-71.14680166666668,60.6,323042.89925571985,4685410.028613213,19,T,1.7,
1712110467.2792192,361,1712110467,0,GPS1_Frame,42.30078333333333,-71.14672333333333,60.6,323049.2163541254,4685404.313598813,19,T,1.7,
1712110468.2790127,362,1712110468,0,GPS1_Frame,42.30074,-71.14667166666666,60.6,323053.35394989356,4685399.394326298,19,T,1.7,
1712110469.2788267,363,1712110469,0,GPS1_Frame,42.30068833333333,-71.14662666666666,60.5,323056.9186602203,4685393.5635685865,19,T,1.7,
1712110470.2791305,364,1712110470,0,GPS1_Frame,42.30063333333332,-71.14660666666667,60.5,323058.4132343878,4685387.414659677,19,T,1.7,
1712110471.2793431,365,1712110471,0,GPS1_Frame,42.300563333333336,-71.14658666666666,60.5,323059.8657934066,4685379.600118892,19,T,1.7,
1712110472.279092,366,1712110472,0,GPS1_Frame,42.30049333333333,-71.14658333333334,60.4,323059.9444832952,4685371.820236459,19,T,1.7,
1712110473.2794037,367,1712110473,0,GPS1_Frame,42.30042166666667,-71.146575,60.1,323060.43066778505,4685363.8448864985,19,T,1.7,
1712110474.2795362,368,1712110474,0,GPS1_Frame,42.30034666666667,-71.14656,60.0,323061.4570673575,4685355.485533131,19,T,1.7,
1712110475.2787447,369,1712110475,0,GPS1_Frame,42.30028166666666,-71.14656,59.8,323061.27499170764,4685348.267793318,19,T,1.7,
1712110476.279031,370,1712110476,0,GPS1_Frame,42.300205000000005,-71.14655333333333,60.0,323061.60978783725,4685339.7406988265,19,T,1.7,
1712110477.2804105,371,1712110477,0,GPS1_Frame,42.30012166666667,-71.146555,59.7,323061.23897080845,4685330.490652213,19,T,1.7,
1712110478.2803538,372,1712110478,0,GPS1_Frame,42.300036666666664,-71.14654333333333,59.3,323061.96259161044,4685321.027809544,19,T,1.7,
1712110479.2798712,373,1712110479,0,GPS1_Frame,42.29995166666666,-71.14653833333334,59.4,323062.13666145824,4685311.578830005,19,T,1.7,
1712110480.2809803,374,1712110480,0,GPS1_Frame,42.299865,-71.14653333333334,59.0,323062.30606429966,4685301.944780378,19,T,1.7,
1712110481.280572,375,1712110481,0,GPS1_Frame,42.29978666666666,-71.14654999999999,58.9,323060.7127561707,4685293.281136451,19,T,1.7,
1712110482.2807138,376,1712110482,0,GPS1_Frame,42.29970166666667,-71.14655666666665,58.6,323059.9251048645,4685283.856417408,19,T,1.7,
1712110483.2802856,377,1712110483,0,GPS1_Frame,42.29963166666666,-71.14656833333333,58.5,323058.7673018895,4685276.107727895,19,T,1.7,
1712110484.2797692,378,1712110484,0,GPS1_Frame,42.29955833333334,-71.146575,58.9,323058.0123279048,4685267.978500783,19,T,1.7,
1712110485.2808049,379,1712110485,0,GPS1_Frame,42.29947833333334,-71.146575,58.7,323057.78823667736,4685259.095129766,19,T,1.7,
1712110486.2802877,380,1712110486,0,GPS1_Frame,42.29939833333333,-71.14657333333334,57.8,323057.7015354822,4685250.20829308,19,T,1.7,
1712110487.279041,381,1712110487,0,GPS1_Frame,42.29932999999999,-71.14658333333334,57.9,323056.6857859199,4685242.641208514,19,T,1.7,
1712110488.2795022,382,1712110488,0,GPS1_Frame,42.29929666666667,-71.14662166666668,57.9,323053.4324466438,4685239.019517825,19,T,1.7,
1712110489.2800837,383,1712110489,0,GPS1_Frame,42.299295,-71.14668166666667,58.0,323048.4817410741,4685238.959219871,19,T,1.7,
1712110490.2799878,384,1712110490,0,GPS1_Frame,42.29928666666667,-71.14670666666666,58.3,323046.3975481853,4685238.085858222,19,T,1.7,
1712110491.2802782,385,1712110491,0,GPS1_Frame,42.29928499999999,-71.146725,58.6,323044.8815900468,4685237.938913997,19,T,1.7,
1712110492.2798877,386,1712110492,0,GPS1_Frame,42.299275,-71.14672999999999,58.6,323044.44140693743,4685236.838890706,19,T,1.7,
1712110493.2792351,387,1712110493,0,GPS1_Frame,42.299260000000004,-71.14672999999999,58.9,323044.3993869988,4685235.173258686,19,T,1.7,
1712110494.2799292,388,1712110494,0,GPS1_Frame,42.299260000000004,-71.14672999999999,58.9,323044.3993869988,4685235.173258686,19,T,1.7,
1712110495.2792687,389,1712110495,0,GPS1_Frame,42.29927333333333,-71.14674,59.0,323043.6123982817,4685236.674616667,19,T,1.7,
1712110496.279694,390,1712110496,0,GPS1_Frame,42.299281666666666,-71.14675166666666,59.1,323042.67401319504,4685237.624230131,19,T,1.7,
1712110497.2791297,391,1712110497,0,GPS1_Frame,42.29928833333334,-71.14677166666667,59.2,323041.0440097592,4685238.406103918,19,T,1.7,
1712110498.2800097,392,1712110498,0,GPS1_Frame,42.299305000000004,-71.14681166666666,59.1,323037.7933420619,4685240.339993121,19,T,1.7,
1712110499.280749,393,1712110499,0,GPS1_Frame,42.299324999999996,-71.146855,58.9,323034.277234711,4685242.65095679,19,T,1.7,
1712110500.2803054,394,1712110500,0,GPS1_Frame,42.299346666666665,-71.14688833333334,58.6,323031.59013771935,4685245.126194799,19,T,1.7,
1712110501.280247,395,1712110501,0,GPS1_Frame,42.29938333333333,-71.146935,58.3,323027.8459486234,4685249.294796729,19,T,1.7,
1712110502.2792883,396,1712110502,0,GPS1_Frame,42.29941833333334,-71.14697333333334,58.4,323024.78404285526,4685253.260998464,19,T,1.7,
1712110503.2790105,397,1712110503,0,GPS1_Frame,42.29945166666666,-71.14701,58.6,323021.85486071685,4685257.038664951,19,T,1.7,
1712110504.2794821,398,1712110504,0,GPS1_Frame,42.29949333333334,-71.14704666666667,58.9,323018.9490297828,4685261.741683947,19,T,1.7,
1712110505.2792058,399,1712110505,0,GPS1_Frame,42.299549999999996,-71.14709166666667,58.9,323015.39828319795,4685268.1276694415,19,T,1.7,
1712110506.2793283,400,1712110506,0,GPS1_Frame,42.29960666666666,-71.14714166666666,59.0,323011.43537571933,4685274.524057052,19,T,1.7,
1712110507.2786252,401,1712110507,0,GPS1_Frame,42.29966666666666,-71.14719833333334,59.3,323006.93225920806,4685281.304454777,19,T,1.7,
1712110508.2786384,402,1712110508,0,GPS1_Frame,42.29972166666666,-71.14725,59.4,323002.8273085351,4685287.519244379,19,T,1.7,
1712110509.2788541,403,1712110509,0,GPS1_Frame,42.29977,-71.147295,59.7,322999.25324028905,4685292.979887889,19,T,1.7,
1712110510.2784147,404,1712110510,0,GPS1_Frame,42.29983666666667,-71.14736833333333,60.1,322993.39494211227,4685300.535245797,19,T,1.7,
1712110511.2788367,405,1712110511,0,GPS1_Frame,42.29991333333334,-71.14745833333333,60.5,322986.19079410366,4685309.235702504,19,T,1.7,
1712110512.2787116,406,1712110512,0,GPS1_Frame,42.299995,-71.14755666666666,60.8,322978.31373459863,4685318.508714823,19,T,1.7,
1712110513.2791004,407,1712110513,0,GPS1_Frame,42.300068333333336,-71.14765166666666,61.1,322970.6881180223,4685326.849450407,19,T,1.7,
1712110514.2794974,408,1712110514,0,GPS1_Frame,42.30013999999999,-71.14773833333334,61.3,322963.74478913617,4685334.987786321,19,T,1.7,
1712110515.2789006,409,1712110515,0,GPS1_Frame,42.30021,-71.14782833333334,61.5,322956.5220295033,4685342.947995042,19,T,1.7,
1712110516.2788856,410,1712110516,0,GPS1_Frame,42.300285,-71.147925,61.9,322948.7637501591,4685351.47729443,19,T,1.7,
1712110517.280312,411,1712110517,0,GPS1_Frame,42.30036499999999,-71.14803333333333,62.4,322940.0577922169,4685360.58609081,19,T,1.7,
1712110518.2788987,412,1712110518,0,GPS1_Frame,42.30045166666667,-71.14815,62.7,322930.68360840704,4685370.452521518,19,T,1.7,
1712110519.2790737,413,1712110519,0,GPS1_Frame,42.30054,-71.14826833333333,62.9,322921.17673647765,4685380.50750449,19,T,1.7,
1712110520.2791755,414,1712110520,0,GPS1_Frame,42.30063166666667,-71.14838666666667,63.1,322911.67923743336,4685390.932641881,19,T,1.7,
1712110521.2801912,415,1712110521,0,GPS1_Frame,42.300713333333334,-71.14849333333333,63.5,322903.11543774325,4685400.223089136,19,T,1.7,
1712110522.2813313,416,1712110522,0,GPS1_Frame,42.300790000000006,-71.1486,64.1,322894.5376418421,4685408.958336798,19,T,1.7,
1712110523.278989,417,1712110523,0,GPS1_Frame,42.30086166666667,-71.148695,64.7,322886.90755322267,4685417.114100238,19,T,1.7,
1712110524.2805018,418,1712110524,0,GPS1_Frame,42.30094333333333,-71.14880166666667,64.9,322878.34381932614,4685426.404580048,19,T,1.7,
1712110525.2804692,419,1712110525,0,GPS1_Frame,42.30102166666667,-71.14890166666667,65.0,322870.32030562405,4685435.311052295,19,T,1.7,
1712110526.279923,420,1712110526,0,GPS1_Frame,42.30110500000001,-71.149005,65.2,322862.03606266313,4685444.779684793,19,T,1.7,
1712110527.2802656,421,1712110527,0,GPS1_Frame,42.30119666666666,-71.149115,65.0,322853.22567051207,4685455.187558986,19,T,1.7,
1712110528.2799072,422,1712110528,0,GPS1_Frame,42.301275000000004,-71.149205,64.9,322846.0265366355,4685464.073241974,19,T,1.7,
1712110529.279429,423,1712110529,0,GPS1_Frame,42.30135666666667,-71.14930166666666,64.6,322838.2872289863,4685473.34295443,19,T,1.7,
1712110530.279937,424,1712110530,0,GPS1_Frame,42.30144,-71.14940166666666,64.5,322830.277846631,4685482.804687212,19,T,1.7,
1712110531.2795959,425,1712110531,0,GPS1_Frame,42.301521666666666,-71.1495,64.3,322822.4011963415,4685492.077889076,19,T,1.7,
1712110532.2777336,426,1712110532,0,GPS1_Frame,42.30160833333333,-71.14960166666667,64.2,322814.263823559,4685501.913252886,19,T,3.0,
1712110533.2775164,427,1712110533,0,GPS1_Frame,42.301695,-71.1497,64.0,322806.40124358085,4685511.741685263,19,T,3.0,
1712110534.276636,428,1712110534,0,GPS1_Frame,42.301793333333336,-71.149815,63.6,322797.19757173763,4685522.900329815,19,T,3.0,
1712110535.2764776,429,1712110535,0,GPS1_Frame,42.30188166666667,-71.14991333333334,63.3,322789.33971649164,4685532.913853391,19,T,3.0,
1712110536.278831,430,1712110536,0,GPS1_Frame,42.301965,-71.15000833333333,63.2,322781.74262375914,4685542.365232871,19,T,1.7,
1712110537.2790625,431,1712110537,0,GPS1_Frame,42.30204666666667,-71.15009666666667,63.4,322774.69041137176,4685551.617664981,19,T,1.7,
1712110538.2788413,432,1712110538,0,GPS1_Frame,42.302128333333336,-71.150185,63.3,322767.6382181586,4685560.870104872,19,T,1.7,
1712110539.278824,433,1712110539,0,GPS1_Frame,42.30221166666667,-71.15027166666667,63.3,322760.7281045728,4685570.304151103,19,T,1.7,
1712110540.2801623,434,1712110540,0,GPS1_Frame,42.30229333333333,-71.15035666666667,63.3,322753.9507165592,4685579.549662564,19,T,1.7,
1712110541.283219,435,1712110541,0,GPS1_Frame,42.30237166666667,-71.15043666666666,63.5,322747.5761422615,4685588.4146243725,19,T,1.7,
1712110542.279935,436,1712110542,0,GPS1_Frame,42.30245166666667,-71.150515,63.6,322741.3436451276,4685597.461190754,19,T,1.7,
1712110543.280895,437,1712110543,0,GPS1_Frame,42.30252833333334,-71.15059,63.7,322735.3765753212,4685606.130677957,19,T,1.7,
1712110544.2804105,438,1712110544,0,GPS1_Frame,42.30260666666666,-71.15066666666667,63.7,322729.27681584435,4685614.988713576,19,T,1.7,
1712110545.2801316,439,1712110545,0,GPS1_Frame,42.302683333333334,-71.15074166666666,64.0,322723.309777002,4685623.658212172,19,T,1.7,
1712110546.2796564,440,1712110546,0,GPS1_Frame,42.302760000000006,-71.15081666666667,63.6,322717.34275347355,4685632.327716401,19,T,1.7,
1712110547.280687,441,1712110547,0,GPS1_Frame,42.30283166666666,-71.15088333333333,63.4,322712.0486217185,4685640.424651226,19,T,1.7,
1712110548.2803733,442,1712110548,0,GPS1_Frame,42.30288833333334,-71.15093333333333,63.5,322708.0862183906,4685646.821228429,19,T,1.7,
1712110549.279512,443,1712110549,0,GPS1_Frame,42.30294000000001,-71.150975,63.3,322704.796697281,4685652.645232354,19,T,6.4,
1712110550.2795832,444,1712110550,0,GPS1_Frame,42.30297,-71.15099000000001,63.5,322703.644471972,4685656.007755573,19,T,1.7,
1712110551.2793314,445,1712110551,0,GPS1_Frame,42.30298166666667,-71.150985,63.7,322704.0893671924,4685657.292829371,19,T,1.7,
1712110552.2795844,446,1712110552,0,GPS1_Frame,42.30298666666666,-71.15097833333333,63.9,322704.6529302949,4685657.834148751,19,T,1.7,
1712110553.2809145,447,1712110553,0,GPS1_Frame,42.30299333333334,-71.150975,64.3,322704.94640796684,4685658.567484401,19,T,1.7,
1712110554.2803845,448,1712110554,0,GPS1_Frame,42.303005,-71.15097333333333,64.7,322705.1165390728,4685659.859504116,19,T,1.7,
1712110555.2794805,449,1712110555,0,GPS1_Frame,42.30302833333334,-71.15097,64.9,322705.45680115663,4685662.443543562,19,T,1.7,
1712110556.2796342,450,1712110556,0,GPS1_Frame,42.303065,-71.15096333333332,65.1,322706.10925414774,4685666.501200234,19,T,1.7,
1712110557.2805383,451,1712110557,0,GPS1_Frame,42.30312666666667,-71.15095833333334,64.9,322706.6945014441,4685673.3383855745,19,T,1.7,
1712110558.2803388,452,1712110558,0,GPS1_Frame,42.30319166666666,-71.15094666666667,64.8,322707.8386308761,4685680.531820205,19,T,1.7,
1712110559.278715,453,1712110559,0,GPS1_Frame,42.30325666666666,-71.15094333333333,64.9,322708.295851928,4685687.742619391,19,T,6.4,
1712110560.2814717,454,1712110560,0,GPS1_Frame,42.303335,-71.15096166666667,65.1,322707.0045449501,4685696.479129338,19,T,1.7,
1712110561.2798312,455,1712110561,0,GPS1_Frame,42.303414999999994,-71.15100333333334,64.9,322703.7945868314,4685705.449331543,19,T,1.7,
1712110562.2787764,456,1712110562,0,GPS1_Frame,42.30348333333333,-71.151065,64.7,322698.90331715543,4685713.165719588,19,T,3.0,
1712110563.2783074,457,1712110563,0,GPS1_Frame,42.303538333333336,-71.15114,64.3,322692.87558228185,4685719.429333817,19,T,3.0,
1712110564.2783554,458,1712110564,0,GPS1_Frame,42.303583333333336,-71.15122833333334,64.2,322685.72073916113,4685724.610317888,19,T,3.0,
1712110565.2772224,459,1712110565,0,GPS1_Frame,42.30361666666666,-71.151325,64.3,322677.8462489388,4685728.513184291,19,T,3.0,
1712110566.2783537,460,1712110566,0,GPS1_Frame,42.30363833333334,-71.151425,64.7,322669.6642496989,4685731.127514336,19,T,3.0,
1712110567.2787871,461,1712110567,0,GPS1_Frame,42.30368,-71.15154166666666,64.9,322660.1646086481,4685735.997437315,19,T,6.4,
1712110568.2780507,462,1712110568,0,GPS1_Frame,42.303729999999995,-71.15164666666666,65.0,322651.65004250937,4685741.768407406,19,T,6.4,
1712110569.2776313,463,1712110569,0,GPS1_Frame,42.30379166666667,-71.15173166666666,65.1,322644.8168137437,4685748.793191058,19,T,6.4,
1712110570.2784276,464,1712110570,0,GPS1_Frame,42.30386,-71.15179166666667,65.1,322640.06302061875,4685756.506149338,19,T,6.4,
1712110571.2785158,465,1712110571,0,GPS1_Frame,42.303943333333336,-71.15185,65.2,322635.4887423802,4685765.881270613,19,T,6.4,
1712110572.2789137,466,1712110572,0,GPS1_Frame,42.30402833333333,-71.15189166666667,65.2,322632.29295432224,4685775.406721446,19,T,6.4,
1712110573.2825139,467,1712110573,0,GPS1_Frame,42.30411833333333,-71.15193500000001,65.3,322628.97383839556,4685785.490859883,19,T,6.4,
1712110574.2798834,468,1712110574,0,GPS1_Frame,42.30420833333333,-71.15197666666667,65.5,322625.7921123506,4685795.571525768,19,T,1.7,
1712110575.2813888,469,1712110575,0,GPS1_Frame,42.30430333333334,-71.15201833333334,65.8,322622.6244390891,4685806.2074048035,19,T,1.7,
1712110576.2799895,470,1712110576,0,GPS1_Frame,42.30441333333333,-71.15206666666667,65.5,322618.949389949,4685818.522818396,19,T,1.7,
1712110577.279933,471,1712110577,0,GPS1_Frame,42.304516666666665,-71.15210833333335,66.1,322615.80514538765,4685830.084053674,19,T,1.7,
1712110578.280608,472,1712110578,0,GPS1_Frame,42.304625,-71.15214999999999,66.4,322612.6749561487,4685842.200502181,19,T,1.7,
1712110579.2807238,473,1712110579,0,GPS1_Frame,42.304741666666665,-71.15220333333333,66.4,322608.60653895466,4685855.266629292,19,T,1.7,
1712110580.2810948,474,1712110580,0,GPS1_Frame,42.30485166666667,-71.15225333333333,66.6,322604.7941687891,4685867.585527664,19,T,1.7,
1712110581.2804415,475,1712110581,0,GPS1_Frame,42.30496,-71.15230333333334,67.0,322600.97713210515,4685879.719358292,19,T,1.7,
1712110582.280466,476,1712110582,0,GPS1_Frame,42.30506666666667,-71.15235166666666,67.4,322597.2928059465,4685891.664645988,19,T,1.7,
1712110583.2799752,477,1712110583,0,GPS1_Frame,42.30516833333333,-71.1524,67.9,322593.59444858355,4685903.054724848,19,T,1.7,
1712110584.280094,478,1712110584,0,GPS1_Frame,42.305275,-71.15246,68.1,322588.9485116266,4685915.0243449975,19,T,1.7,
1712110585.27847,479,1712110585,0,GPS1_Frame,42.305384999999994,-71.15253333333334,68.5,322583.21294243995,4685927.39191354,19,T,1.7,
1712110586.2788522,480,1712110586,0,GPS1_Frame,42.30548999999999,-71.152605,68.8,322577.60072471795,4685939.200800622,19,T,1.7,
1712110587.2790165,481,1712110587,0,GPS1_Frame,42.30559333333334,-71.15267999999999,68.7,322571.709092326,4685950.831573929,19,T,1.7,
1712110588.2801461,482,1712110588,0,GPS1_Frame,42.305686666666666,-71.15275166666667,69.0,322566.06413734145,4685961.344978471,19,T,1.7,
1712110589.2792752,483,1712110589,0,GPS1_Frame,42.305778333333336,-71.15282333333333,69.2,322560.4145175479,4685971.673317757,19,T,1.7,
1712110590.2790172,484,1712110590,0,GPS1_Frame,42.305865,-71.15289666666666,69.2,322554.61349098,4685981.449926882,19,T,1.7,
1712110591.279033,485,1712110591,0,GPS1_Frame,42.30595166666667,-71.15297333333334,69.9,322548.5377304499,4685991.233493815,19,T,1.7,
1712110592.2799668,486,1712110592,0,GPS1_Frame,42.30603666666666,-71.15305166666667,70.7,322542.3199291151,4686000.835472495,19,T,1.7,
1712110593.2797291,487,1712110593,0,GPS1_Frame,42.30611833333334,-71.15313666666665,71.7,322535.5432782152,4686010.08122217,19,T,1.7,
1712110594.2799037,488,1712110594,0,GPS1_Frame,42.30618666666666,-71.15320666666666,72.5,322529.9655513174,4686017.8151258705,19,T,1.7,
1712110595.280463,489,1712110595,0,GPS1_Frame,42.30625833333333,-71.15328,73.0,322524.12245506654,4686025.926128834,19,T,1.7,
1712110596.2800124,490,1712110596,0,GPS1_Frame,42.30632166666666,-71.15334833333333,73.6,322518.6680771102,4686033.101354266,19,T,1.7,
1712110597.2796025,491,1712110597,0,GPS1_Frame,42.30636500000001,-71.15341,74.5,322513.70699995884,4686038.041830731,19,T,1.7,
1712110598.27977,492,1712110598,0,GPS1_Frame,42.306400000000004,-71.15345166666665,75.1,322510.3710028761,4686042.015234618,19,T,1.7,
1712110599.280624,493,1712110599,0,GPS1_Frame,42.30643166666667,-71.15346666666666,75.9,322509.22363208665,4686045.562866977,19,T,1.7,
1712110600.2800548,494,1712110600,0,GPS1_Frame,42.306464999999996,-71.15347166666668,76.4,322508.90519299125,4686049.274708017,19,T,1.7,
1712110601.279579,495,1712110601,0,GPS1_Frame,42.306513333333335,-71.15347666666666,76.7,322508.62891243194,4686054.652183636,19,T,1.7,
1712110602.2793467,496,1712110602,0,GPS1_Frame,42.306558333333335,-71.15345666666667,76.4,322510.4038765141,4686059.607363316,19,T,1.7,
1712110603.2805324,497,1712110603,0,GPS1_Frame,42.30661333333334,-71.15344499999999,76.4,322511.52007305506,4686065.690351216,19,T,1.7,
1712110604.2809017,498,1712110604,0,GPS1_Frame,42.30667333333334,-71.15341666666667,76.7,322514.0240595925,4686072.293781518,19,T,1.7,
1712110605.2803273,499,1712110605,0,GPS1_Frame,42.30675166666666,-71.15337166666667,77.3,322517.953303853,4686080.898219661,19,T,1.7,
1712110606.2810864,500,1712110606,0,GPS1_Frame,42.30682,-71.15332,77.1,322522.4039300011,4686088.378329689,19,T,1.7,
1712110607.280973,501,1712110607,0,GPS1_Frame,42.30689333333333,-71.15326833333333,76.8,322526.8685985864,4686096.413653867,19,T,1.7,
1712110608.2805178,502,1712110608,0,GPS1_Frame,42.30695833333333,-71.15320166666667,76.9,322532.54619860125,4686103.492338852,19,T,1.7,
1712110609.2803078,503,1712110609,0,GPS1_Frame,42.30702333333333,-71.15313166666667,76.8,322538.49853378686,4686110.5640752325,19,T,1.7,
1712110610.2804792,504,1712110610,0,GPS1_Frame,42.30710333333333,-71.15305833333333,76.6,322544.7677536061,4686119.2944983225,19,T,1.7,
1712110611.280509,505,1712110611,0,GPS1_Frame,42.30717333333334,-71.152975,76.5,322551.83309600083,4686126.893646255,19,T,1.7,
1712110612.2808354,506,1712110612,0,GPS1_Frame,42.307255000000005,-71.15290499999999,76.2,322557.83222343726,4686135.816103229,19,T,1.7,
1712110613.2807791,507,1712110613,0,GPS1_Frame,42.30732833333333,-71.15281833333333,76.4,322565.1816465043,4686143.778452689,19,T,1.7,
1712110614.2813978,508,1712110614,0,GPS1_Frame,42.30739833333334,-71.15274833333334,75.9,322571.14796462446,4686151.405426703,19,T,1.7,
1712110615.281232,509,1712110615,0,GPS1_Frame,42.307473333333334,-71.15268999999999,75.5,322576.16671279864,4686159.611947236,19,T,1.7,
1712110616.2807045,510,1712110616,0,GPS1_Frame,42.30754166666667,-71.15265500000001,75.5,322579.24351177074,4686167.126848477,19,T,1.7,
1712110617.280988,511,1712110617,0,GPS1_Frame,42.307610000000004,-71.15263666666667,75.5,322580.94658613694,4686174.676507477,19,T,1.7,
1712110618.280775,512,1712110618,0,GPS1_Frame,42.307640000000006,-71.15260833333333,75.4,322583.36619163025,4686177.948690993,19,T,1.7,
1712110619.2814305,513,1712110619,0,GPS1_Frame,42.307665,-71.15258166666668,75.3,322585.63437606837,4686180.6691392865,19,T,1.7,
1712110620.2819955,514,1712110620,0,GPS1_Frame,42.307698333333335,-71.15258333333333,74.9,322585.5906520806,4686184.374025392,19,T,1.7,
1712110621.2811658,515,1712110621,0,GPS1_Frame,42.307706666666675,-71.15255333333333,74.8,322588.08675371937,4686185.2368180035,19,T,1.7,
1712110622.2806761,516,1712110622,0,GPS1_Frame,42.30771,-71.15250833333333,75.0,322591.80515270215,4686185.513120658,19,T,1.7,
1712110623.2809799,517,1712110623,0,GPS1_Frame,42.30770333333333,-71.15245666666667,75.1,322596.04494513536,4686184.665100593,19,T,1.7,
1712110624.281294,518,1712110624,0,GPS1_Frame,42.30769166666667,-71.15239333333334,75.1,322601.2322942198,4686183.23754457,19,T,1.7,
1712110625.2806132,519,1712110625,0,GPS1_Frame,42.30767833333333,-71.15232333333333,75.0,322606.9644502236,4686181.611021257,19,T,1.7,
1712110626.280047,520,1712110626,0,GPS1_Frame,42.307673333333334,-71.15225666666667,74.9,322612.44527355075,4686180.9168054275,19,T,1.7,
1712110627.2795665,521,1712110627,0,GPS1_Frame,42.307675,-71.15218833333333,74.6,322618.0821955645,4686180.959401054,19,T,1.7,
1712110628.2801783,522,1712110628,0,GPS1_Frame,42.30767666666667,-71.15211,74.8,322624.543347522,4686180.981152266,19,T,1.7,
1712110629.279928,523,1712110629,0,GPS1_Frame,42.307671666666664,-71.15203,74.9,322631.12314608647,4686180.259152658,19,T,1.7,
1712110630.2794814,524,1712110630,0,GPS1_Frame,42.30765833333333,-71.15194,75.2,322638.50377112697,4686178.590959379,19,T,1.7,
1712110631.2810407,525,1712110631,0,GPS1_Frame,42.307648333333326,-71.15184166666667,75.5,322646.58061969816,4686177.275543068,19,T,1.7,
1712110632.279294,526,1712110632,0,GPS1_Frame,42.30763333333333,-71.15173166666666,75.7,322655.6050317469,4686175.380605114,19,T,1.7,
1712110633.2806838,527,1712110633,0,GPS1_Frame,42.30761833333333,-71.15162000000001,75.8,322664.7668198903,4686173.482204895,19,T,1.7,
1712110634.2808073,528,1712110634,0,GPS1_Frame,42.30759666666666,-71.151505,75.7,322674.184635964,4686170.836587071,19,T,1.7,
1712110635.2794836,529,1712110635,0,GPS1_Frame,42.30757833333334,-71.15138666666667,75.9,322683.8865619012,4686168.554175839,19,T,1.7,
1712110636.2791314,530,1712110636,0,GPS1_Frame,42.307559999999995,-71.15127000000001,75.9,322693.45112149464,4686166.275251676,19,T,1.7,
1712110637.2796624,531,1712110637,0,GPS1_Frame,42.307545,-71.15115333333333,76.1,322703.02504514763,4686164.366481761,19,T,1.7,
1712110638.2798586,532,1712110638,0,GPS1_Frame,42.30753333333334,-71.15104666666666,75.9,322711.7840992474,4686162.848704608,19,T,1.7,
1712110639.2805867,533,1712110639,0,GPS1_Frame,42.307518333333334,-71.15093666666667,75.8,322720.80854304857,4686160.953851662,19,T,1.7,
1712110640.2797737,534,1712110640,0,GPS1_Frame,42.307495,-71.150815,75.9,322730.7712030492,4686158.109348864,19,T,1.7,
1712110641.2801561,535,1712110641,0,GPS1_Frame,42.307468333333325,-71.15069166666667,76.0,322740.8618860697,4686154.89124695,19,T,1.7,
1712110642.2802982,536,1712110642,0,GPS1_Frame,42.30743833333333,-71.15056833333333,76.0,322750.94322169106,4686151.303018853,19,T,1.7,
1712110643.2813046,537,1712110643,0,GPS1_Frame,42.30740333333333,-71.15044666666667,75.9,322760.87316153746,4686147.163066216,19,T,1.7,
1712110644.2810054,538,1712110644,0,GPS1_Frame,42.30736666666667,-71.15032500000001,75.7,322770.7984350623,4686142.838057523,19,T,1.7,
1712110645.280829,539,1712110645,0,GPS1_Frame,42.307325000000006,-71.15019666666667,75.3,322781.2591785627,4686137.943964906,19,T,1.7,
1712110646.280327,540,1712110646,0,GPS1_Frame,42.307288333333325,-71.15006833333334,74.9,322791.7339666707,4686133.605099821,19,T,1.7,
1712110647.2799907,541,1712110647,0,GPS1_Frame,42.30725166666666,-71.14994166666666,74.5,322802.0713944483,4686129.269722101,19,T,1.7,
1712110648.2801404,542,1712110648,0,GPS1_Frame,42.307215,-71.14982166666667,73.7,322811.8593435632,4686124.948244453,19,T,1.7,
1712110649.2800987,543,1712110649,0,GPS1_Frame,42.30717833333333,-71.1497,73.4,322821.7846769512,4686120.62330994,19,T,1.7,
1712110650.2788599,544,1712110650,0,GPS1_Frame,42.307145000000006,-71.14957666666666,72.9,322831.85674643004,4686116.665060103,19,T,1.7,
1712110651.2786033,545,1712110651,0,GPS1_Frame,42.307115,-71.14945666666668,72.6,322841.66343185137,4686113.083907077,19,T,1.7,
1712110652.2803273,546,1712110652,0,GPS1_Frame,42.30708666666666,-71.14933833333333,72.4,322851.3374289494,4686109.691308879,19,T,1.7,
1712110653.2790725,547,1712110653,0,GPS1_Frame,42.30706166666667,-71.14922499999999,72.1,322860.60866571707,4686106.679275688,19,T,1.7,
1712110654.2788548,548,1712110654,0,GPS1_Frame,42.30704166666666,-71.14911833333333,71.7,322869.34444189025,4686104.236346276,19,T,1.7,
1712110655.281133,549,1712110655,0,GPS1_Frame,42.307021666666664,-71.14901333333334,71.4,322877.94285049336,4686101.796897736,19,T,1.7,
1712110656.2809422,550,1712110656,0,GPS1_Frame,42.307005,-71.14890999999999,71.1,322886.41324005113,4686099.731070487,19,T,1.7,
1712110657.2808247,551,1712110657,0,GPS1_Frame,42.30699666666666,-71.14881,71.0,322894.63225824654,4686098.597544884,19,T,1.7,
1712110658.2794743,552,1712110658,0,GPS1_Frame,42.30699333333334,-71.14869999999999,70.9,322903.68953926396,4686097.998424553,19,T,1.7,
1712110659.2809327,553,1712110659,0,GPS1_Frame,42.30699333333334,-71.1486,70.2,322911.9319294224,4686097.790271642,19,T,1.7,
1712110660.2791936,554,1712110660,0,GPS1_Frame,42.307,-71.14849666666667,69.6,322920.46775957255,4686098.315472328,19,T,1.7,
1712110661.2804434,555,1712110661,0,GPS1_Frame,42.307015,-71.148385,69.8,322929.7138194841,4686099.748691689,19,T,1.7,
1712110662.2799585,556,1712110662,0,GPS1_Frame,42.307030000000005,-71.14826166666667,70.3,322939.92148657085,4686101.157642942,19,T,1.7,
1712110663.2815776,557,1712110663,0,GPS1_Frame,42.30704666666667,-71.14815833333334,70.0,322948.48534482333,4686102.79330024,19,T,1.7,
1712110664.280024,558,1712110664,0,GPS1_Frame,42.307064999999994,-71.14805833333334,69.5,322956.7791249879,4686104.620974845,19,T,1.7,
1712110665.2807682,559,1712110665,0,GPS1_Frame,42.30708833333333,-71.14795333333333,69.2,322965.4990359873,4686106.993466216,19,T,1.7,
1712110666.280974,560,1712110666,0,GPS1_Frame,42.307115,-71.14784666666667,69.0,322974.365657505,4686109.732641247,19,T,1.7,
1712110667.2807186,561,1712110667,0,GPS1_Frame,42.307143333333336,-71.14774000000001,68.7,322983.23694336216,4686112.656897738,19,T,1.7,
1712110668.2809894,562,1712110668,0,GPS1_Frame,42.30717500000001,-71.14763500000001,68.4,322991.9801916684,4686115.954773721,19,T,1.7,
1712110669.2805161,563,1712110669,0,GPS1_Frame,42.307205,-71.147535,68.4,323000.30664184503,4686119.077992147,19,T,1.7,
1712110670.280131,564,1712110670,0,GPS1_Frame,42.307235000000006,-71.14743166666668,68.7,323008.90782944765,4686122.194285741,19,T,1.7,
1712110671.2807207,565,1712110671,0,GPS1_Frame,42.30726333333334,-71.14733166666666,68.9,323017.22959289444,4686125.132453378,19,T,1.7,
1712110672.2803214,566,1712110672,0,GPS1_Frame,42.30728166666666,-71.14723333333333,69.6,323025.3859522139,4686126.963674892,19,T,1.7,
1712110673.2791133,567,1712110673,0,GPS1_Frame,42.307295,-71.14714833333333,69.8,323032.4293153253,4686128.267428653,19,T,1.7,
1712110674.279976,568,1712110674,0,GPS1_Frame,42.30729666666666,-71.14707,69.9,323038.8904931363,4686128.289562883,19,T,1.7,
1712110675.2802508,569,1712110675,0,GPS1_Frame,42.307280000000006,-71.14699166666666,70.3,323045.3002986428,4686126.2759281015,19,T,1.7,
1712110676.2810411,570,1712110676,0,GPS1_Frame,42.30726333333334,-71.146925,70.0,323050.7484995759,4686124.286564239,19,T,1.7,
1712110677.280172,571,1712110677,0,GPS1_Frame,42.30725833333333,-71.14686,69.9,323056.0920200016,4686123.596164166,19,T,1.7,
1712110678.2799294,572,1712110678,0,GPS1_Frame,42.30725,-71.1468,70.0,323061.014083989,4686122.546025974,19,T,1.7,
1712110679.2800922,573,1712110679,0,GPS1_Frame,42.30723666666666,-71.14675000000001,70.2,323065.097904654,4686120.961476774,19,T,1.7,
1712110680.2795572,574,1712110680,0,GPS1_Frame,42.30722166666666,-71.14671,70.4,323068.3528215953,4686119.212656011,19,T,1.7,
1712110681.2804983,575,1712110681,0,GPS1_Frame,42.30721333333333,-71.14667666666666,70.6,323071.0769272853,4686118.217982681,19,T,1.7,
1712110682.279768,576,1712110682,0,GPS1_Frame,42.307203333333334,-71.14664333333333,70.8,323073.7963642895,4686117.038239989,19,T,1.7,
1712110683.2790337,577,1712110683,0,GPS1_Frame,42.307198333333325,-71.14660666666667,70.9,323076.80455558246,4686116.4067778755,19,T,1.7,
1712110684.2791965,578,1712110684,0,GPS1_Frame,42.307190000000006,-71.146565,71.2,323080.21552702493,4686115.3947786335,19,T,1.7,
1712110685.2797675,579,1712110685,0,GPS1_Frame,42.307199999999995,-71.14652666666666,71.2,323083.4031145832,4686116.425487512,19,T,1.7,
1712110686.2801144,580,1712110686,0,GPS1_Frame,42.30721666666667,-71.14647666666666,71.0,323087.57098608126,4686118.172219586,19,T,1.7,
1712110687.2794454,581,1712110687,0,GPS1_Frame,42.30725833333333,-71.14643166666666,68.8,323091.39677180856,4686122.705407607,19,T,1.7,
1712110688.278626,582,1712110688,0,GPS1_Frame,42.30730666666667,-71.14638166666667,67.6,323095.65334556124,4686127.968482706,19,T,1.7,
1712110689.2792687,583,1712110689,0,GPS1_Frame,42.30735833333333,-71.14633166666667,66.6,323099.91925060214,4686133.601701124,19,T,1.7,
1712110690.2791836,584,1712110690,0,GPS1_Frame,42.307395,-71.14627666666667,66.7,323104.5552480911,4686137.558891798,19,T,1.7,
1712110691.2808013,585,1712110691,0,GPS1_Frame,42.30744,-71.14622,66.8,323109.3519551003,4686142.437972339,19,T,1.7,
1712110692.280745,586,1712110692,0,GPS1_Frame,42.307495,-71.146155,67.1,323114.8635261607,4686148.410152699,19,T,1.7,
1712110693.2804103,587,1712110693,0,GPS1_Frame,42.30754666666667,-71.14608,67.3,323121.18998320575,4686153.991405807,19,T,1.7,
1712110694.2800336,588,1712110694,0,GPS1_Frame,42.307595000000006,-71.14598833333334,67.0,323128.8808124908,4686159.167874132,19,T,1.7,
1712110695.2799382,589,1712110695,0,GPS1_Frame,42.307649999999995,-71.14591,66.9,323135.4913278541,4686165.112350642,19,T,1.7,
1712110696.280366,590,1712110696,0,GPS1_Frame,42.30770166666666,-71.14582999999999,67.0,323142.22986831894,4686170.683227527,19,T,1.7,
1712110697.280153,591,1712110697,0,GPS1_Frame,42.307761666666664,-71.14575666666666,67.0,323148.4422497797,4686177.193321026,19,T,1.7,
1712110698.2803826,592,1712110698,0,GPS1_Frame,42.307828333333326,-71.145685,67.1,323154.53591808386,4686184.447165973,19,T,1.7,
1712110699.2810361,593,1712110699,0,GPS1_Frame,42.30789333333334,-71.14560666666667,67.1,323161.1743916234,4686191.50208821,19,T,1.7,
1712110700.2805653,594,1712110700,0,GPS1_Frame,42.307963333333326,-71.14553333333333,67.1,323167.414740114,4686199.122620306,19,T,1.7,
1712110701.28025,595,1712110701,0,GPS1_Frame,42.30803666666667,-71.145465,67.0,323173.25229663204,4686207.123690768,19,T,1.7,
1712110702.279411,596,1712110702,0,GPS1_Frame,42.308115,-71.14539666666666,67.4,323179.1038406574,4686215.679977142,19,T,1.7,
1712110703.2807164,597,1712110703,0,GPS1_Frame,42.308201666666676,-71.14533499999999,67.7,323184.4292221406,4686225.175475821,19,T,1.7,
1712110704.2801824,598,1712110704,0,GPS1_Frame,42.30828833333333,-71.14526333333333,68.1,323190.5788119668,4686234.650195653,19,T,1.7,
1712110705.2810206,599,1712110705,0,GPS1_Frame,42.308371666666666,-71.14518833333334,68.6,323196.9937935117,4686243.747852311,19,T,1.7,
1712110706.2804859,600,1712110706,0,GPS1_Frame,42.308461666666666,-71.14511833333333,69.0,323203.01531401346,4686253.596186858,19,T,1.7,
1712110707.2810187,601,1712110707,0,GPS1_Frame,42.30855666666666,-71.14504833333334,69.1,323209.05081663607,4686263.999737595,19,T,1.7,
1712110708.2813697,602,1712110708,0,GPS1_Frame,42.30865666666667,-71.14498166666667,69.2,323214.8255610609,4686274.965431148,19,T,1.7,
1712110709.280841,603,1712110709,0,GPS1_Frame,42.30876833333333,-71.144925,68.7,323219.808733455,4686287.247401602,19,T,1.7,
1712110710.2806475,604,1712110710,0,GPS1_Frame,42.30886999999999,-71.14486833333333,68.4,323224.76389579894,4686298.418952466,19,T,1.7,
1712110711.2808647,605,1712110711,0,GPS1_Frame,42.30896333333333,-71.14480166666667,68.1,323230.51992881345,4686308.644376022,19,T,1.7,
1712110712.280779,606,1712110712,0,GPS1_Frame,42.30906166666667,-71.14474,68.0,323235.8778363839,4686319.435404114,19,T,1.7,
1712110713.2804418,607,1712110713,0,GPS1_Frame,42.30915166666667,-71.14466999999999,67.7,323241.8992442551,4686329.283769525,19,T,1.7,
1712110714.2806673,608,1712110714,0,GPS1_Frame,42.309245,-71.14459666666667,67.8,323248.20470282785,4686339.495355305,19,T,1.7,
1712110715.2783055,609,1712110715,0,GPS1_Frame,42.30933,-71.14453,67.6,323253.9373468485,4686348.795444266,19,T,5.9,
1712110716.2807271,610,1712110716,0,GPS1_Frame,42.30940833333334,-71.14445333333333,67.2,323260.47552423365,4686357.334480847,19,T,1.7,
1712110717.281317,611,1712110717,0,GPS1_Frame,42.30948,-71.14436333333333,67.4,323268.09396924946,4686365.105542615,19,T,1.7,
1712110718.281452,612,1712110718,0,GPS1_Frame,42.30954666666666,-71.14426,68.1,323276.7973448369,4686372.293703511,19,T,1.7,
1712110719.2802842,613,1712110719,0,GPS1_Frame,42.309605,-71.144155,68.2,323285.6147489994,4686378.553060347,19,T,1.7,
1712110720.2809062,614,1712110720,0,GPS1_Frame,42.30965666666666,-71.14404333333333,68.1,323294.96295066597,4686384.058298692,19,T,1.7,
1712110721.2804759,615,1712110721,0,GPS1_Frame,42.30970333333333,-71.14393,67.8,323304.43451337446,4686389.004876029,19,T,1.7,
1712110722.2846074,616,1712110722,0,GPS1_Frame,42.30974333333334,-71.14381166666666,67.9,323314.29950979806,4686393.200799564,19,T,1.7,
1712110723.2814066,617,1712110723,0,GPS1_Frame,42.30978,-71.14369833333333,67.8,323323.7430662534,4686397.036979393,19,T,1.7,
1712110724.280876,618,1712110724,0,GPS1_Frame,42.30981833333333,-71.143585,67.8,323333.1912748417,4686401.058242128,19,T,1.7,
1712110725.2810197,619,1712110725,0,GPS1_Frame,42.30986166666666,-71.14348,67.5,323341.96662592754,4686405.652033154,19,T,1.7,
1712110726.280553,620,1712110726,0,GPS1_Frame,42.30990499999999,-71.14338,67.1,323350.32986481325,4686410.25621702,19,T,1.7,
1712110727.280084,621,1712110727,0,GPS1_Frame,42.30994333333333,-71.14327333333334,67.0,323359.22857222555,4686414.291356853,19,T,1.7,
1712110728.2813172,622,1712110728,0,GPS1_Frame,42.309978333333326,-71.14317,66.8,323367.84321155073,4686417.963287504,19,T,1.7,
1712110729.2808774,623,1712110729,0,GPS1_Frame,42.310003333333334,-71.14306333333334,66.6,323376.7046033273,4686420.5178851485,19,T,1.7,
1712110730.281327,624,1712110730,0,GPS1_Frame,42.31003166666666,-71.14295999999999,66.7,323385.30057837657,4686423.4495548615,19,T,1.7,
1712110731.280549,625,1712110731,0,GPS1_Frame,42.310055,-71.14286,66.7,323393.60782859265,4686425.83294324,19,T,1.7,
1712110732.2810557,626,1712110732,0,GPS1_Frame,42.31008166666667,-71.14276333333333,67.0,323401.6496623266,4686428.593401722,19,T,1.7,
1712110733.2813642,627,1712110733,0,GPS1_Frame,42.3101,-71.14267333333333,66.7,323409.11871884635,4686430.442355183,19,T,1.7,
1712110734.281061,628,1712110734,0,GPS1_Frame,42.310120000000005,-71.14258833333334,66.7,323416.18033293635,4686432.486765313,19,T,1.7,
1712110735.2809117,629,1712110735,0,GPS1_Frame,42.310140000000004,-71.14250999999999,66.6,323422.69247751124,4686434.545019717,19,T,1.7,
1712110736.2802062,630,1712110736,0,GPS1_Frame,42.310159999999996,-71.14243833333333,66.5,323428.6551530977,4686436.617116881,19,T,1.7,
1712110737.2813458,631,1712110737,0,GPS1_Frame,42.31017666666666,-71.142365,66.6,323434.74587038904,4686438.315618962,19,T,1.7,
1712110738.2813585,632,1712110738,0,GPS1_Frame,42.31019333333334,-71.14229,66.9,323440.97395061975,4686440.010667277,19,T,1.7,
1712110739.2811425,633,1712110739,0,GPS1_Frame,42.310210000000005,-71.14221500000001,66.9,323447.20202757226,4686441.70572103,19,T,1.7,
1712110740.281529,634,1712110740,0,GPS1_Frame,42.310228333333335,-71.14213333333333,66.8,323453.9842253932,4686443.572015806,19,T,1.7,
1712110741.2822804,635,1712110741,0,GPS1_Frame,42.310245,-71.14204666666666,66.6,323461.17385770066,4686445.242870809,19,T,1.7,
1712110742.277903,636,1712110742,0,GPS1_Frame,42.310263333333324,-71.14195333333333,66.8,323468.9176096589,4686447.084969817,19,T,5.8,
1712110743.2784083,637,1712110743,0,GPS1_Frame,42.31028333333334,-71.14185333333333,66.9,323477.215480183,4686449.098314643,19,T,5.8,
1712110744.2788315,638,1712110744,0,GPS1_Frame,42.310305,-71.141745,67.1,323486.2048339796,4686451.279449123,19,T,5.8,
1712110745.2783852,639,1712110745,0,GPS1_Frame,42.310325,-71.14163333333333,67.1,323495.4642545326,4686453.268608657,19,T,5.8,
1712110746.2786474,640,1712110746,0,GPS1_Frame,42.31034833333333,-71.14151666666666,67.3,323505.14508369414,4686455.6175480215,19,T,5.8,
1712110747.2784834,641,1712110747,0,GPS1_Frame,42.31036833333333,-71.1414,67.4,323514.8165891456,4686457.596359615,19,T,5.8,
1712110748.278976,642,1712110748,0,GPS1_Frame,42.310388333333336,-71.14128000000001,67.4,323524.76281987876,4686459.568269694,19,T,5.8,
1712110749.280139,643,1712110749,0,GPS1_Frame,42.310408333333335,-71.14115833333334,67.7,323534.8464099582,4686461.536736564,19,T,5.8,
1712110750.279954,644,1712110750,0,GPS1_Frame,42.310425,-71.141035,67.8,323545.05804427364,4686463.131619875,19,T,1.7,
1712110751.2808394,645,1712110751,0,GPS1_Frame,42.310443333333325,-71.140905,68.7,323555.8237927373,4686464.897761417,19,T,1.7,
1712110752.2824056,646,1712110752,0,GPS1_Frame,42.31046333333334,-71.14077833333334,69.4,323566.319460735,4686466.855902851,19,T,1.7,
1712110753.2807894,647,1712110753,0,GPS1_Frame,42.31048333333333,-71.14066,69.5,323576.1282945504,4686468.831341482,19,T,1.7,
1712110754.2803886,648,1712110754,0,GPS1_Frame,42.310498333333335,-71.140545,70.1,323585.6484219348,4686470.258494575,19,T,1.7,
1712110755.2799506,649,1712110755,0,GPS1_Frame,42.31050833333334,-71.14043166666667,70.5,323595.0172107797,4686471.133905049,19,T,1.7,
1712110756.2813935,650,1712110756,0,GPS1_Frame,42.310515,-71.14032,70.9,323604.2393193028,4686471.642642828,19,T,1.7,
1712110757.2806425,651,1712110757,0,GPS1_Frame,42.310515,-71.14021333333334,70.8,323613.03070675296,4686471.421477683,19,T,1.7,
1712110758.2800465,652,1712110758,0,GPS1_Frame,42.310505,-71.14009666666668,71.5,323622.6183540006,4686470.069168174,19,T,1.7,
1712110759.28147,653,1712110759,0,GPS1_Frame,42.310489999999994,-71.13998166666667,71.5,323632.0546731676,4686468.165115746,19,T,1.7,
1712110760.2799382,654,1712110760,0,GPS1_Frame,42.31047,-71.13986666666666,71.0,323641.4770319454,4686465.705864801,19,T,1.7,
1712110761.2802682,655,1712110761,0,GPS1_Frame,42.31045000000001,-71.13975,70.5,323651.0367622508,4686463.2431718465,19,T,1.7,
1712110762.2813845,656,1712110762,0,GPS1_Frame,42.310431666666666,-71.13962833333333,70.6,323661.0132498554,4686460.955198555,19,T,1.7,
1712110763.2813888,657,1712110763,0,GPS1_Frame,42.310410000000005,-71.13950333333334,70.7,323671.2551662205,4686458.290189806,19,T,1.7,
1712110764.2818527,658,1712110764,0,GPS1_Frame,42.31038166666667,-71.139375,71.0,323681.75320552674,4686454.878005927,19,T,1.7,
1712110765.2813058,659,1712110765,0,GPS1_Frame,42.31035166666667,-71.139245,71.1,323692.3839664849,4686451.277313583,19,T,1.7,
1712110766.2808177,660,1712110766,0,GPS1_Frame,42.310320000000004,-71.13911,71.5,323703.422181831,4686447.481205739,19,T,1.7,
1712110767.2813933,661,1712110767,0,GPS1_Frame,42.31028500000001,-71.13897,71.8,323714.8632000877,4686443.304613929,19,T,1.7,
1712110768.281701,662,1712110768,0,GPS1_Frame,42.31024833333333,-71.13882666666667,72.3,323726.5743104427,4686438.936064019,19,T,1.6,
1712110769.2798338,663,1712110769,0,GPS1_Frame,42.310210000000005,-71.13868333333333,72.8,323738.28078214824,4686434.382463693,19,T,1.6,
1712110770.2800899,664,1712110770,0,GPS1_Frame,42.31017166666667,-71.13854500000001,72.9,323749.5751697029,4686429.839242132,19,T,1.6,
1712110771.281961,665,1712110771,0,GPS1_Frame,42.31013500000001,-71.13840666666667,73.2,323760.87422283366,4686425.481109663,19,T,1.6,
1712110772.2811923,666,1712110772,0,GPS1_Frame,42.31009833333333,-71.13827166666667,73.5,323771.89855655486,4686421.129900787,19,T,1.6,
1712110773.2800446,667,1712110773,0,GPS1_Frame,42.31006000000001,-71.13813666666667,73.9,323782.91825204797,4686416.593639253,19,T,1.6,
1712110774.279829,668,1712110774,0,GPS1_Frame,42.31002166666667,-71.13800333333333,74.2,323793.8005945673,4686412.060847527,19,T,1.6,
1712110775.2805262,669,1712110775,0,GPS1_Frame,42.309981666666665,-71.13786666666667,74.7,323804.95303301443,4686407.33609907,19,T,1.6,
1712110776.279104,670,1712110776,0,GPS1_Frame,42.309938333333335,-71.137725,75.6,323816.50828523596,4686402.230873209,19,T,1.6,
1712110777.2815359,671,1712110777,0,GPS1_Frame,42.3099,-71.13758833333333,75.8,323827.6654030321,4686397.69123227,19,T,1.6,
1712110778.2813413,672,1712110778,0,GPS1_Frame,42.30986500000001,-71.13745166666666,76.0,323838.8318337668,4686393.521750367,19,T,1.6,
1712110779.2818527,673,1712110779,0,GPS1_Frame,42.30983,-71.137315,76.0,323849.9982769718,4686389.352286662,19,T,1.6,
1712110780.2813632,674,1712110780,0,GPS1_Frame,42.309795,-71.13717833333334,76.0,323861.16473264934,4686385.182841159,19,T,1.6,
1712110781.2804887,675,1712110781,0,GPS1_Frame,42.309760000000004,-71.13704166666666,76.0,323872.3312007971,4686381.013413856,19,T,1.6,
1712110782.2825055,676,1712110782,0,GPS1_Frame,42.30972833333333,-71.136905,75.9,323883.50697827234,4686377.214145559,19,T,1.6,
1712110783.2818112,677,1712110783,0,GPS1_Frame,42.309695,-71.13676333333333,76.1,323895.0902204432,4686373.219474937,19,T,1.6,
1712110784.2819536,678,1712110784,0,GPS1_Frame,42.30966166666667,-71.13661666666667,76.2,323907.0855766793,4686369.214474464,19,T,1.6,
1712110785.2826777,679,1712110785,0,GPS1_Frame,42.30962666666666,-71.136465,76.2,323919.48840015917,4686365.014075877,19,T,1.6,
1712110786.2813048,680,1712110786,0,GPS1_Frame,42.30959166666666,-71.13631333333333,75.9,323931.89123745915,4686360.813699695,19,T,1.6,
1712110787.2812498,681,1712110787,0,GPS1_Frame,42.30955833333334,-71.13615833333333,75.8,323944.5734703329,4686356.791518189,19,T,1.6,
1712110788.2805696,682,1712110788,0,GPS1_Frame,42.30952333333333,-71.13600166666667,75.7,323957.3884377454,4686352.580840884,19,T,1.6,
1712110789.280863,683,1712110789,0,GPS1_Frame,42.30949166666666,-71.13584166666666,75.8,323970.4874468694,4686348.733431156,19,T,1.6,
1712110790.2813933,684,1712110790,0,GPS1_Frame,42.30945666666666,-71.13568666666667,75.9,323983.1650745882,4686344.526250441,19,T,1.6,
1712110791.2811742,685,1712110791,0,GPS1_Frame,42.30942166666667,-71.13553499999999,76.2,323995.56798088737,4686340.3259892035,19,T,1.6,
1712110792.2807255,686,1712110792,0,GPS1_Frame,42.30938833333333,-71.13538666666666,76.5,324007.700810411,4686336.317716346,19,T,1.6,
1712110793.2815711,687,1712110793,0,GPS1_Frame,42.30935666666666,-71.13524333333334,76.4,324019.4261938454,4686332.504877993,19,T,1.6,
1712110794.2806115,688,1712110794,0,GPS1_Frame,42.30933,-71.13509833333333,76.2,324031.30289044697,4686329.243823419,19,T,1.6,
1712110795.280374,689,1712110795,0,GPS1_Frame,42.30929833333333,-71.13495333333334,76.7,324043.16566465644,4686325.427578191,19,T,1.6,
1712110796.280035,690,1712110796,0,GPS1_Frame,42.309265,-71.13481,77.2,324054.88643888617,4686321.429729939,19,T,1.6,
1712110797.280481,691,1712110797,0,GPS1_Frame,42.30923500000001,-71.13466666666666,77.8,324066.61651258013,4686317.802042423,19,T,1.6,
1712110798.2821462,692,1712110798,0,GPS1_Frame,42.30921166666667,-71.13453,78.0,324077.8156973672,4686314.928441997,19,T,1.6,
1712110799.2811663,693,1712110799,0,GPS1_Frame,42.309203333333336,-71.13439666666666,77.9,324088.7819401787,4686313.727385373,19,T,1.6,
1712110800.2813742,694,1712110800,0,GPS1_Frame,42.309205000000006,-71.13425166666666,78.4,324100.7376192014,4686313.612646311,19,T,1.6,
1712110801.2819722,695,1712110801,0,GPS1_Frame,42.30921333333334,-71.13410833333334,78.6,324112.57449843554,4686314.241654794,19,T,1.6,
1712110802.2808113,696,1712110802,0,GPS1_Frame,42.30923166666666,-71.13395999999999,78.7,324124.8513308625,4686315.970768814,19,T,1.6,
1712110803.2806396,697,1712110803,0,GPS1_Frame,42.30925833333334,-71.13381333333334,79.2,324137.0139962381,4686318.628701174,19,T,1.6,
1712110804.2807302,698,1712110804,0,GPS1_Frame,42.30929166666667,-71.13366500000001,79.6,324149.3325847159,4686322.023490743,19,T,1.6,
1712110805.2808523,699,1712110805,0,GPS1_Frame,42.30933166666667,-71.13352,79.7,324161.39498839155,4686326.165472582,19,T,1.6,
1712110806.2808,700,1712110806,0,GPS1_Frame,42.30937166666666,-71.13337833333334,79.8,324173.18264116737,4686330.314363866,19,T,1.6,
1712110807.281026,701,1712110807,0,GPS1_Frame,42.30940166666666,-71.13323,79.8,324185.49190781196,4686333.339075157,19,T,1.6,
1712110808.280719,702,1712110808,0,GPS1_Frame,42.30943333333333,-71.13308666666667,79.5,324197.39369967557,4686336.559210342,19,T,1.6,
1712110809.2792702,703,1712110809,0,GPS1_Frame,42.30947166666667,-71.13295333333333,79.5,324208.48983291443,4686340.540309993,19,T,1.6,
1712110810.2809162,704,1712110810,0,GPS1_Frame,42.309495,-71.13281666666667,79.2,324219.81893232703,4686342.848906381,19,T,1.6,
1712110811.280079,705,1712110811,0,GPS1_Frame,42.30951666666667,-71.13268500000001,78.8,324230.7312815103,4686344.982780805,19,T,1.6,
1712110812.2788966,706,1712110812,0,GPS1_Frame,42.309529999999995,-71.13254833333333,79.0,324242.0325310188,4686346.180990604,19,T,1.6,
1712110813.2797153,707,1712110813,0,GPS1_Frame,42.309531666666665,-71.13241166666667,78.9,324253.30130527756,4686346.083726072,19,T,1.6,
1712110814.2795446,708,1712110814,0,GPS1_Frame,42.309531666666665,-71.13227166666667,78.7,324264.8401755182,4686345.794523756,19,T,1.6,
1712110815.280599,709,1712110815,0,GPS1_Frame,42.30952833333334,-71.13213,78.2,324276.50713713147,4686345.13175722,19,T,1.6,
1712110816.2793522,710,1712110816,0,GPS1_Frame,42.309525,-71.13197833333334,78.0,324288.9983049623,4686344.44835632,19,T,1.6,
1712110817.2790627,711,1712110817,0,GPS1_Frame,42.309520000000006,-71.13182499999999,77.4,324301.62220416917,4686343.576465347,19,T,1.6,
1712110818.27973,712,1712110818,0,GPS1_Frame,42.309515,-71.13166500000001,77.0,324314.7955753915,4686342.690829999,19,T,1.6,
1712110819.280068,713,1712110819,0,GPS1_Frame,42.30951166666667,-71.13150333333333,76.4,324328.1109527702,4686341.986848295,19,T,1.6,
1712110820.279482,714,1712110820,0,GPS1_Frame,42.30950833333333,-71.13134,75.7,324341.56369896885,4686341.279450677,19,T,1.6,
1712110821.2801704,715,1712110821,0,GPS1_Frame,42.30950500000001,-71.13117333333334,75.1,324355.2911815575,4686340.565196942,19,T,1.6,
1712110822.2812293,716,1712110822,0,GPS1_Frame,42.30950500000001,-71.13100833333333,74.2,324368.8905690388,4686340.224551539,19,T,1.6,
1712110823.279039,717,1712110823,0,GPS1_Frame,42.30950166666666,-71.13084333333333,73.6,324382.4806859603,4686339.5137918815,19,T,1.6,
1712110824.2807462,718,1712110824,0,GPS1_Frame,42.30949833333334,-71.13067500000001,73.4,324396.3455393041,4686338.796178251,19,T,1.6,
1712110825.2796814,719,1712110825,0,GPS1_Frame,42.30949666666667,-71.130515,72.8,324409.52819063165,4686338.280862056,19,T,1.6,
1712110826.2810233,720,1712110826,0,GPS1_Frame,42.30949999999999,-71.13036333333334,71.7,324422.0379071891,4686338.337980053,19,T,1.6,
1712110827.2802577,721,1712110827,0,GPS1_Frame,42.30950333333333,-71.13021166666667,71.2,324434.5476223091,4686338.395120356,19,T,1.6,
1712110828.2818472,722,1712110828,0,GPS1_Frame,42.30950833333333,-71.13006833333334,70.9,324446.37513182295,4686338.654549294,19,T,1.6,
1712110829.2794676,723,1712110829,0,GPS1_Frame,42.30951333333334,-71.12993833333333,70.5,324457.10369918693,4686338.941510059,19,T,1.6,
1712110830.2808833,724,1712110830,0,GPS1_Frame,42.30951833333334,-71.12980333333333,70.7,324468.2443672962,4686339.218170846,19,T,1.6,
1712110831.2801545,725,1712110831,0,GPS1_Frame,42.309529999999995,-71.12968166666666,70.3,324478.30462429626,4686340.262639154,19,T,1.6,
1712110832.280659,726,1712110832,0,GPS1_Frame,42.30954833333333,-71.12956166666666,70.5,324488.246039754,4686342.050841445,19,T,1.6,
1712110833.279777,727,1712110833,0,GPS1_Frame,42.30958166666666,-71.12945166666667,70.8,324497.4049346745,4686345.525319732,19,T,1.6,
1712110834.28101,728,1712110834,0,GPS1_Frame,42.309643333333334,-71.12937000000001,68.6,324504.30732020736,4686352.204452074,19,T,1.6,
1712110835.2800534,729,1712110835,0,GPS1_Frame,42.309695,-71.12928333333333,68.3,324511.5940030655,4686357.762855142,19,T,1.6,
1712110836.2811615,730,1712110836,0,GPS1_Frame,42.30976166666666,-71.12920666666668,68.1,324518.09815729817,4686365.007525193,19,T,1.6,
1712110837.2817664,731,1712110837,0,GPS1_Frame,42.30983833333333,-71.12914333333333,67.6,324523.5311529788,4686373.390124512,19,T,1.6,
1712110838.2812898,732,1712110838,0,GPS1_Frame,42.30991833333333,-71.12909333333333,67.2,324527.87446601444,4686382.170369415,19,T,1.6,
1712110839.280155,733,1712110839,0,GPS1_Frame,42.31000666666667,-71.12905833333333,66.7,324531.0046276428,4686391.9069065405,19,T,1.6,
1712110840.280376,734,1712110840,0,GPS1_Frame,42.310095000000004,-71.12902666666668,66.3,324533.86004910653,4686401.65032,19,T,1.6,
1712110841.2807815,735,1712110841,0,GPS1_Frame,42.31018000000001,-71.12899166666666,65.8,324536.98093330965,4686411.016718914,19,T,1.6,
1712110842.280544,736,1712110842,0,GPS1_Frame,42.310276666666674,-71.12896833333333,65.4,324539.1726673534,4686421.702673408,19,T,2.7,
1712110843.2808278,737,1712110843,0,GPS1_Frame,42.31037833333333,-71.12895333333333,65.1,324540.69146131503,4686432.961026598,19,T,1.6,
1712110844.281365,738,1712110844,0,GPS1_Frame,42.310489999999994,-71.128945,63.8,324541.68857719714,4686445.343551758,19,T,1.6,
1712110845.2805998,739,1712110845,0,GPS1_Frame,42.31060333333333,-71.12893833333332,62.6,324542.55295733456,4686457.914584915,19,T,1.6,
1712110846.2808628,740,1712110846,0,GPS1_Frame,42.31070666666666,-71.128925,62.3,324543.9390089087,4686469.361446758,19,T,1.6,
1712110847.2812486,741,1712110847,0,GPS1_Frame,42.310804999999995,-71.12891166666667,61.3,324545.31116409623,4686480.2530979095,19,T,1.6,
1712110848.2817438,742,1712110848,0,GPS1_Frame,42.310903333333336,-71.12888500000001,60.9,324547.7822322662,4686491.117250783,19,T,1.6,
1712110849.2815804,743,1712110849,0,GPS1_Frame,42.311004999999994,-71.12884833333332,60.6,324551.086741737,4686502.3309215875,19,T,1.6,
1712110850.2807043,744,1712110850,0,GPS1_Frame,42.31110666666667,-71.12880666666666,60.3,324554.8033341393,4686513.534282239,19,T,1.6,
1712110851.2812624,745,1712110851,0,GPS1_Frame,42.311213333333335,-71.12875166666666,59.3,324559.6327190181,4686525.265358846,19,T,1.6,
1712110852.281532,746,1712110852,0,GPS1_Frame,42.311303333333335,-71.12866833333332,58.6,324566.7509636174,4686535.087306123,19,T,1.6,
1712110853.2812572,747,1712110853,0,GPS1_Frame,42.311391666666665,-71.12857666666667,58.0,324574.55137565394,4686544.707005678,19,T,1.6,
1712110854.2824688,748,1712110854,0,GPS1_Frame,42.311475,-71.128475,57.2,324583.16205558646,4686553.750882345,19,T,1.6,
1712110855.281903,749,1712110855,0,GPS1_Frame,42.311550000000004,-71.12836833333334,56.2,324592.16165283945,4686561.859107787,19,T,1.6,
1712110856.2818558,750,1712110856,0,GPS1_Frame,42.311614999999996,-71.12824833333335,55.3,324602.2323542172,4686568.829431677,19,T,1.6,
1712110857.2806132,751,1712110857,0,GPS1_Frame,42.31167333333333,-71.128125,54.2,324612.5592429988,4686575.05261588,19,T,1.6,
1712110858.2801423,752,1712110858,0,GPS1_Frame,42.311728333333335,-71.12800166666666,53.4,324622.8768546415,4686580.905674076,19,T,1.6,
1712110859.2802927,753,1712110859,0,GPS1_Frame,42.31178,-71.12787833333333,52.6,324633.1851907271,4686586.388606268,19,T,1.6,
1712110860.281441,754,1712110860,0,GPS1_Frame,42.31182666666667,-71.12775833333333,51.6,324643.20489921514,4686591.323213099,19,T,1.6,
1712110861.2806396,755,1712110861,0,GPS1_Frame,42.31187,-71.12763333333334,51.1,324653.62742333865,4686595.877387224,19,T,1.6,
1712110862.2805521,756,1712110862,0,GPS1_Frame,42.31189833333333,-71.127505,50.5,324664.2830044739,4686598.75907306,19,T,1.6,
1712110863.2801583,757,1712110863,0,GPS1_Frame,42.31189333333334,-71.12737166666668,49.6,324675.2581054821,4686597.929063087,19,T,1.6,
1712110864.2805502,758,1712110864,0,GPS1_Frame,42.31189500000001,-71.12723666666668,49.2,324686.38908075396,4686597.8359171115,19,T,1.6,
1712110865.2816346,759,1712110865,0,GPS1_Frame,42.31189333333334,-71.12710166666668,48.6,324697.510800792,4686597.372648107,19,T,1.6,
1712110866.2809627,760,1712110866,0,GPS1_Frame,42.31189166666666,-71.126965,48.2,324708.76988364494,4686596.905962554,19,T,1.6,
1712110867.2812123,761,1712110867,0,GPS1_Frame,42.31188999999999,-71.126835,47.6,324719.4795177155,4686596.453031142,19,T,1.6,
1712110868.2812183,762,1712110868,0,GPS1_Frame,42.31188999999999,-71.12670166666666,46.9,324730.4685033162,4686596.178318873,19,T,1.6,
1712110869.2802088,763,1712110869,0,GPS1_Frame,42.311886666666666,-71.12656666666666,46.4,324741.58559892426,4686595.530049577,19,T,1.6,
1712110870.2804604,764,1712110870,0,GPS1_Frame,42.311888333333336,-71.12643333333334,45.9,324752.57921074674,4686595.440442351,19,T,1.6,
1712110871.2792363,765,1712110871,0,GPS1_Frame,42.31189666666668,-71.1263,45.3,324763.5913240215,4686596.091133732,19,T,1.6,
1712110872.2810926,766,1712110872,0,GPS1_Frame,42.3119,-71.12616666666666,44.7,324774.5895585804,4686596.186631318,19,T,1.6,
1712110873.281342,767,1712110873,0,GPS1_Frame,42.3119,-71.126025,44.7,324786.26535344875,4686595.894841915,19,T,1.6,
1712110874.2801487,768,1712110874,0,GPS1_Frame,42.3119,-71.12589666666666,44.3,324796.84224988706,4686595.630531846,19,T,1.6,
1712110875.2798326,769,1712110875,0,GPS1_Frame,42.31189333333334,-71.12577333333334,44.3,324806.9885618364,4686594.636253277,19,T,1.6,
1712110876.2813408,770,1712110876,0,GPS1_Frame,42.31188999999999,-71.12567166666666,43.9,324815.35841405124,4686594.056747612,19,T,1.6,
1712110877.2802567,771,1712110877,0,GPS1_Frame,42.31187333333334,-71.12558833333333,42.7,324822.18028977315,4686592.034441103,19,T,1.6,
1712110878.2805693,772,1712110878,0,GPS1_Frame,42.311863333333335,-71.12552166666666,42.1,324827.64704061556,4686590.786741424,19,T,1.6,
1712110879.2825434,773,1712110879,0,GPS1_Frame,42.31185333333333,-71.12547500000001,41.8,324831.4654445124,4686589.580227624,19,T,1.6,
1712110880.2810876,774,1712110880,0,GPS1_Frame,42.31185333333333,-71.12545833333334,41.7,324832.83906840085,4686589.545909633,19,T,1.6,
1712110881.2803733,775,1712110881,0,GPS1_Frame,42.311855,-71.12545166666668,41.8,324833.39314163657,4686589.717252846,19,T,1.6,
1712110882.2807264,776,1712110882,0,GPS1_Frame,42.311855,-71.12544666666666,41.8,324833.8052287913,4686589.706957533,19,T,1.6,
1712110883.2808585,777,1712110883,0,GPS1_Frame,42.311855,-71.12544666666666,41.5,324833.8052287913,4686589.706957533,19,T,1.6,
1712110884.2819877,778,1712110884,0,GPS1_Frame,42.311855,-71.12544666666666,41.5,324833.8052287913,4686589.706957533,19,T,1.6,
1712110885.2790651,779,1712110885,0,GPS1_Frame,42.311855,-71.12544833333332,41.5,324833.6678664092,4686589.710389301,19,T,2.7,
1712110886.2819762,780,1712110886,0,GPS1_Frame,42.31185333333333,-71.125445,41.5,324833.9379675123,4686589.5184554355,19,T,1.6,
1712110887.281161,781,1712110887,0,GPS1_Frame,42.31185333333333,-71.12543166666666,41.7,324835.03686662286,4686589.4910014095,19,T,1.6,
1712110888.2801971,782,1712110888,0,GPS1_Frame,42.31185000000001,-71.12541,41.9,324836.8133304926,4686589.076248324,19,T,1.6,
1712110889.280696,783,1712110889,0,GPS1_Frame,42.311843333333336,-71.12537833333334,41.9,324839.4047219298,4686588.2707650475,19,T,1.6,
1712110890.2806857,784,1712110890,0,GPS1_Frame,42.311841666666666,-71.12534000000001,41.9,324842.5594339173,4686588.00676734,19,T,1.6,
1712110891.2808642,785,1712110891,0,GPS1_Frame,42.311841666666666,-71.12529166666667,42.1,324846.5429438945,4686587.907252241,19,T,1.6,
1712110892.2813866,786,1712110892,0,GPS1_Frame,42.31184666666666,-71.12523833333333,41.9,324850.95241073973,4686588.352656092,19,T,1.6,
1712110893.2807539,787,1712110893,0,GPS1_Frame,42.31185000000001,-71.12518333333334,41.4,324855.494616169,4686588.609561028,19,T,1.6,
1712110894.2817278,788,1712110894,0,GPS1_Frame,42.311859999999996,-71.12511500000001,41.0,324861.1542119812,4686589.579300274,19,T,1.6,
1712110895.2813084,789,1712110895,0,GPS1_Frame,42.31187499999999,-71.12503666666666,40.8,324867.6518484178,4686591.083668348,19,T,1.6,
1712110896.2816434,790,1712110896,0,GPS1_Frame,42.31189500000001,-71.124955,40.7,324874.4380741776,4686593.136391393,19,T,1.6,
1712110897.2809734,791,1712110897,0,GPS1_Frame,42.31191833333334,-71.12487166666666,40.5,324881.3709027502,4686595.555830705,19,T,1.6,
1712110898.2808993,792,1712110898,0,GPS1_Frame,42.311945,-71.12477333333332,40.8,324889.5492303758,4686598.31454116,19,T,1.6,
1712110899.2812083,793,1712110899,0,GPS1_Frame,42.311975,-71.12467166666667,40.9,324898.0115193649,4686601.436540584,19,T,1.6,
1712110900.2816663,794,1712110900,0,GPS1_Frame,42.312009999999994,-71.124565,41.0,324906.8997518263,4686605.103469939,19,T,1.6,
1712110901.2811348,795,1712110901,0,GPS1_Frame,42.31204833333333,-71.12445166666666,41.2,324916.3466654287,4686609.126830286,19,T,1.6,
1712110902.2813098,796,1712110902,0,GPS1_Frame,42.312084999999996,-71.12434666666667,41.0,324925.1021370415,4686612.982282653,19,T,1.6,
1712110903.2848644,797,1712110903,0,GPS1_Frame,42.31212166666666,-71.12424333333334,40.5,324933.720236812,4686616.841175505,19,T,1.6,
1712110904.280537,798,1712110904,0,GPS1_Frame,42.31215333333333,-71.12414166666667,40.1,324942.1871024265,4686620.148297368,19,T,1.6,
1712110905.2800286,799,1712110905,0,GPS1_Frame,42.312189999999994,-71.12404166666667,40.2,324950.5304598928,4686624.014069699,19,T,1.6,
1712110906.280152,800,1712110906,0,GPS1_Frame,42.312225000000005,-71.12393999999999,40.3,324959.0065489396,4686627.6913520405,19,T,1.6,
1712110907.2802517,801,1712110907,0,GPS1_Frame,42.31225833333333,-71.12383333333334,40.4,324967.89009297715,4686631.173286547,19,T,1.6,
1712110908.2813163,802,1712110908,0,GPS1_Frame,42.31228666666666,-71.12372333333333,40.4,324977.03449069976,4686634.093163109,19,T,1.6,
1712110909.280848,803,1712110909,0,GPS1_Frame,42.312315000000005,-71.12361666666668,40.1,324985.9041575235,4686637.019909003,19,T,1.6,
1712110910.2811277,804,1712110910,0,GPS1_Frame,42.31234333333334,-71.12350333333333,40.2,324995.3232616564,4686639.932951351,19,T,1.6,
1712110911.2811,805,1712110911,0,GPS1_Frame,42.312375,-71.123395,40.2,325004.3395121414,4686643.226432132,19,T,1.6,
1712110912.281144,806,1712110912,0,GPS1_Frame,42.31240666666666,-71.12328833333332,40.1,325013.2183924933,4686646.523352544,19,T,1.6,
1712110913.2816305,807,1712110913,0,GPS1_Frame,42.31243833333333,-71.12319000000001,40.1,325021.410458532,4686649.837424558,19,T,1.6,
1712110914.2817597,808,1712110914,0,GPS1_Frame,42.31246833333333,-71.12309666666667,40.1,325029.18581475655,4686652.976719515,19,T,1.6,
1712110915.281779,809,1712110915,0,GPS1_Frame,42.312491666666666,-71.12300499999999,40.1,325036.8053290696,4686655.37916944,19,T,1.6,
1712110916.2813132,810,1712110916,0,GPS1_Frame,42.31251166666666,-71.12292333333333,39.6,325043.59143575444,4686657.432052974,19,T,1.6,
1712110917.281713,811,1712110917,0,GPS1_Frame,42.312553333333334,-71.12287166666667,36.8,325047.96507774154,4686661.952553728,19,T,1.6,
1712110918.2813392,812,1712110918,0,GPS1_Frame,42.31256166666667,-71.12281,36.6,325053.07051885594,4686662.751085506,19,T,1.6,
1712110919.280865,813,1712110919,0,GPS1_Frame,42.31255833333333,-71.12275166666667,36.4,325057.86891195667,4686662.260983557,19,T,1.6,
1712110920.281828,814,1712110920,0,GPS1_Frame,42.312545,-71.12270666666667,36.2,325061.54071226425,4686660.687881674,19,T,1.6,
1712110921.2817056,815,1712110921,0,GPS1_Frame,42.31251999999999,-71.12266833333334,36.0,325064.6307468383,4686657.83299865,19,T,1.6,
1712110922.2821498,816,1712110922,0,GPS1_Frame,42.31248666666667,-71.12264833333333,35.8,325066.1867251382,4686654.090465089,19,T,1.6,
1712110923.2820647,817,1712110923,0,GPS1_Frame,42.31244333333334,-71.12264499999999,35.6,325066.3413889293,4686649.271782363,19,T,1.6,
1712110924.2819023,818,1712110924,0,GPS1_Frame,42.31239166666666,-71.12263833333333,35.6,325066.74768753734,4686643.520893633,19,T,1.6,
1712110925.281217,819,1712110925,0,GPS1_Frame,42.31233666666667,-71.12264499999999,35.3,325066.04586152744,4686637.427282237,19,T,1.6,
1712110926.2816763,820,1712110926,0,GPS1_Frame,42.312270000000005,-71.122655,35.1,325065.03698846325,4686630.045033263,19,T,1.6,
1712110927.281561,821,1712110927,0,GPS1_Frame,42.31219166666666,-71.12266666666666,34.8,325063.8584287726,4686621.37071956,19,T,1.6,
1712110928.2813718,822,1712110928,0,GPS1_Frame,42.31209333333333,-71.12267333333332,34.5,325063.0365405991,4686610.465280529,19,T,1.6,
1712110929.2824655,823,1712110929,0,GPS1_Frame,42.31197999999999,-71.12267333333332,34.1,325062.7225406829,4686597.880499796,19,T,1.6,
1712110930.2828999,824,1712110930,0,GPS1_Frame,42.311866666666674,-71.12267333333332,33.8,325062.40854145435,4686585.295719281,19,T,1.6,
1712110931.2820632,825,1712110931,0,GPS1_Frame,42.31175499999999,-71.12266666666666,33.3,325062.6486108502,4686572.882300164,19,T,1.6,
1712110932.28201,826,1712110932,0,GPS1_Frame,42.311645,-71.12266166666667,33.1,325062.7559376226,4686560.657378866,19,T,1.6,
1712110933.2827232,827,1712110933,0,GPS1_Frame,42.31153833333333,-71.12265666666667,32.7,325062.87250160985,4686548.802598385,19,T,1.6,
1712110934.2821321,828,1712110934,0,GPS1_Frame,42.311433333333326,-71.12264333333333,32.3,325063.68050154485,4686537.115752225,19,T,1.6,
1712110935.2816994,829,1712110935,0,GPS1_Frame,42.311321666666664,-71.12262833333332,31.8,325064.6073992976,4686524.685198098,19,T,1.6,
1712110936.2821848,830,1712110936,0,GPS1_Frame,42.311211666666665,-71.12261333333332,31.3,325065.53891953535,4686512.439714701,19,T,1.6,
1712110937.2814825,831,1712110937,0,GPS1_Frame,42.311094999999995,-71.12259166666666,30.9,325067.001431199,4686499.440242042,19,T,1.6,
1712110938.2820277,832,1712110938,0,GPS1_Frame,42.31098,-71.12257,30.4,325068.4685675211,4686486.625840375,19,T,1.6,
1712110939.2812774,833,1712110939,0,GPS1_Frame,42.310858333333336,-71.12254166666666,30.4,325070.46670010925,4686473.057450075,19,T,1.6,
1712110940.2815244,834,1712110940,0,GPS1_Frame,42.31073500000001,-71.12250666666667,30.5,325073.0096845103,4686459.290282553,19,T,1.6,
1712110941.2811043,835,1712110941,0,GPS1_Frame,42.31061666666666,-71.12247166666666,30.4,325075.56653223874,4686446.078327319,19,T,1.6,
1712110942.282423,836,1712110942,0,GPS1_Frame,42.310500000000005,-71.12243166666667,30.3,325078.54010445304,4686433.041163181,19,T,1.6,
1712110943.281856,837,1712110943,0,GPS1_Frame,42.310385,-71.12238833333335,30.1,325081.7930375928,4686420.18221752,19,T,1.6,
1712110944.2821944,838,1712110944,0,GPS1_Frame,42.310276666666674,-71.12235000000001,29.9,325084.65235415986,4686408.0738352,19,T,1.6,
1712110945.2827394,839,1712110945,0,GPS1_Frame,42.31016666666666,-71.12230666666666,29.8,325087.91916361067,4686395.770104276,19,T,1.6,
1712110946.2822056,840,1712110946,0,GPS1_Frame,42.310069999999996,-71.12227,28.9,325090.6734537934,4686384.960643831,19,T,1.6,
1712110947.2819357,841,1712110947,0,GPS1_Frame,42.30997000000001,-71.12223,28.4,325093.69325364643,4686373.774191313,19,T,1.6,
1712110948.2838023,842,1712110948,0,GPS1_Frame,42.309868333333334,-71.12218333333334,28.5,325097.25791481487,4686362.388964429,19,T,1.6,
1712110949.2818813,843,1712110949,0,GPS1_Frame,42.30976999999999,-71.12213666666666,28.4,325100.8318214749,4686351.373880365,19,T,1.6,
1712110950.28296,844,1712110950,0,GPS1_Frame,42.30967666666667,-71.12209333333334,28.2,325104.1448549239,4686340.920861976,19,T,1.6,
1712110951.283187,845,1712110951,0,GPS1_Frame,42.309580000000004,-71.12205833333334,28.1,325106.761830709,4686330.114836438,19,T,1.6,
1712110952.2825086,846,1712110952,0,GPS1_Frame,42.30947666666666,-71.12202833333335,27.9,325108.94824921247,4686318.578810017,19,T,1.6,
1712110953.282587,847,1712110953,0,GPS1_Frame,42.30938833333333,-71.12202333333333,28.0,325109.1157039242,4686308.759809476,19,T,1.6,
1712110954.2823849,848,1712110954,0,GPS1_Frame,42.309304999999995,-71.12203833333334,28.2,325107.6485932225,4686299.537134312,19,T,1.6,
1712110955.2819872,849,1712110955,0,GPS1_Frame,42.30922166666666,-71.12205999999999,28.4,325105.6320072632,4686290.3281644955,19,T,1.6,
1712110956.2821567,850,1712110956,0,GPS1_Frame,42.30913666666667,-71.12209166666666,28.4,325102.78659119824,4686280.95468284,19,T,1.6,
1712110957.2816024,851,1712110957,0,GPS1_Frame,42.30904666666667,-71.122115,28.6,325100.6141622986,4686271.008859812,19,T,1.6,
1712110958.2818656,852,1712110958,0,GPS1_Frame,42.30895999999999,-71.12212666666666,28.9,325099.41254138376,4686261.409193206,19,T,1.6,
1712110959.2825987,853,1712110959,0,GPS1_Frame,42.30887833333333,-71.12212333333333,29.1,325099.46108637674,4686252.3339001145,19,T,1.6,
1712110960.282866,854,1712110960,0,GPS1_Frame,42.308800000000005,-71.12209833333333,29.3,325101.3046618643,4686243.584205179,19,T,1.6,
1712110961.2826855,855,1712110961,0,GPS1_Frame,42.30873166666667,-71.12204833333334,29.7,325105.23647642543,4686235.89353833,19,T,1.6,
1712110962.283027,856,1712110962,0,GPS1_Frame,42.30867666666666,-71.12197666666665,30.2,325110.9910277608,4686229.638895841,19,T,1.6,
1712110963.2831762,857,1712110963,0,GPS1_Frame,42.30863166666666,-71.12189,30.2,325118.009607905,4686224.463845704,19,T,1.6,
1712110964.2808576,858,1712110964,0,GPS1_Frame,42.30860666666668,-71.12178833333334,30.2,325126.31990849634,4686221.478812862,19,T,1.6,
1712110965.2806408,859,1712110965,0,GPS1_Frame,42.30860166666666,-71.12167666666666,30.1,325135.50981461664,4686220.694078589,19,T,1.6,
1712110966.281445,860,1712110966,0,GPS1_Frame,42.308620000000005,-71.12156166666666,30.0,325145.0390698966,4686222.493488263,19,T,1.6,
1712110967.2809908,861,1712110967,0,GPS1_Frame,42.308659999999996,-71.12144833333333,29.7,325154.4909410522,4686226.702248555,19,T,1.6,
1712110968.281553,862,1712110968,0,GPS1_Frame,42.30871333333333,-71.12134833333333,29.2,325162.88076232275,4686232.418983609,19,T,1.6,
1712110969.2828414,863,1712110969,0,GPS1_Frame,42.30877333333333,-71.121265,28.6,325169.9153361609,4686238.910258719,19,T,1.6,
1712110970.281189,864,1712110970,0,GPS1_Frame,42.30883166666668,-71.12118666666667,28.2,325176.53317618195,4686245.226744887,19,T,1.6,
1712110971.2807384,865,1712110971,0,GPS1_Frame,42.30888,-71.12112166666667,27.8,325182.024370059,4686250.4602136575,19,T,1.6,
1712110972.2811043,866,1712110972,0,GPS1_Frame,42.30891499999999,-71.12106666666666,27.7,325186.6544325501,4686254.2336728,19,T,1.6,
1712110973.280974,867,1712110973,0,GPS1_Frame,42.30893666666666,-71.12102333333334,27.7,325190.2859991289,4686256.5505452985,19,T,1.6,
1712110974.2821429,868,1712110974,0,GPS1_Frame,42.30894833333333,-71.12099166666667,27.7,325192.9283004326,4686257.780970083,19,T,1.6,
1712110975.2814772,869,1712110975,0,GPS1_Frame,42.30895333333333,-71.12097166666668,27.8,325194.5905655511,4686258.295086478,19,T,1.6,
1712110976.2814822,870,1712110976,0,GPS1_Frame,42.30895666666667,-71.12096333333334,27.8,325195.2866361751,4686258.648104407,19,T,1.6,
1712110977.282072,871,1712110977,0,GPS1_Frame,42.308955,-71.12096333333334,27.8,325195.28202252777,4686258.463034207,19,T,1.6,
1712110978.2819142,872,1712110978,0,GPS1_Frame,42.308955,-71.12096333333334,27.8,325195.28202252777,4686258.463034207,19,T,1.6,
1712110979.2815301,873,1712110979,0,GPS1_Frame,42.308955,-71.12096333333334,27.8,325195.28202252777,4686258.463034207,19,T,1.6,
1712110980.2828295,874,1712110980,0,GPS1_Frame,42.308955,-71.12096333333334,27.8,325195.28202252777,4686258.463034207,19,T,1.6,
1712110981.2811043,875,1712110981,0,GPS1_Frame,42.308955,-71.12096333333334,27.8,325195.28202252777,4686258.463034207,19,T,3.2,
1712110982.281573,876,1712110982,0,GPS1_Frame,42.308955,-71.12096333333334,27.8,325195.28202252777,4686258.463034207,19,T,3.2,
1712110983.2809982,877,1712110983,0,GPS1_Frame,42.308955,-71.12096333333334,27.8,325195.28202252777,4686258.463034207,19,T,3.2,
1712110984.2819123,878,1712110984,0,GPS1_Frame,42.308955,-71.12096333333334,27.8,325195.28202252777,4686258.463034207,19,T,3.2,
1712110985.281594,879,1712110985,0,GPS1_Frame,42.30895333333333,-71.12096,27.8,325195.55214621266,4686258.271115039,19,T,1.6,
1712110986.2815497,880,1712110986,0,GPS1_Frame,42.30895333333333,-71.12094166666667,27.6,325197.06320153526,4686258.2334459005,19,T,1.6,
1712110987.2825391,881,1712110987,0,GPS1_Frame,42.30895833333334,-71.12090333333335,27.7,325200.23652139195,4686258.709894807,19,T,1.6,
1712110988.2810512,882,1712110988,0,GPS1_Frame,42.308966666666656,-71.12086166666667,27.8,325203.693804882,4686259.549636879,19,T,1.6,
1712110989.2811165,883,1712110989,0,GPS1_Frame,42.308976666666666,-71.120825,27.9,325206.74359495763,4686260.584723614,19,T,1.6,
1712110990.2800548,884,1712110990,0,GPS1_Frame,42.30898333333333,-71.12077166666667,28.1,325211.1578435217,4686261.215429336,19,T,1.6,
1712110991.2811723,885,1712110991,0,GPS1_Frame,42.30898666666667,-71.12070166666668,28.1,325216.9365508269,4686261.441756637,19,T,1.6,
1712110992.2823894,886,1712110992,0,GPS1_Frame,42.30898666666667,-71.12062833333333,28.2,325222.98076882144,4686261.291100396,19,T,1.6,
1712110993.281429,887,1712110993,0,GPS1_Frame,42.30898166666666,-71.120555,28.2,325229.01114850666,4686260.585238784,19,T,1.6,
1712110994.2803898,888,1712110994,0,GPS1_Frame,42.308975,-71.12048166666666,28.2,325235.0369165238,4686259.694312198,19,T,1.6,
1712110995.2821436,889,1712110995,0,GPS1_Frame,42.30896833333333,-71.12041333333333,28.1,325240.6505799085,4686258.813661617,19,T,1.6,
1712110996.2803676,890,1712110996,0,GPS1_Frame,42.30895833333334,-71.12034333333332,28.2,325246.3923885087,4686257.559451702,19,T,1.6,
1712110997.2813733,891,1712110997,0,GPS1_Frame,42.30893666666666,-71.12027666666667,28.2,325251.8271765201,4686255.01660196,19,T,1.6,
1712110998.2805476,892,1712110998,0,GPS1_Frame,42.308905,-71.12022333333333,28.2,325256.1353461736,4686251.39072166,19,T,1.6,
1712110999.28114,893,1712110999,0,GPS1_Frame,42.308865,-71.12018666666667,28.2,325259.0467722031,4686246.873725392,19,T,1.6,
1712111000.2794423,894,1712111000,0,GPS1_Frame,42.308809999999994,-71.12016166666668,28.0,325260.9551125701,4686240.715061066,19,T,2.6,
1712111001.2798002,895,1712111001,0,GPS1_Frame,42.30874666666667,-71.12013833333334,27.7,325262.70302843594,4686233.634469642,19,T,2.6,
1712111002.281253,896,1712111002,0,GPS1_Frame,42.30867833333333,-71.12011333333334,27.4,325264.574482305,4686225.995245177,19,T,1.6,
1712111003.2787595,897,1712111003,0,GPS1_Frame,42.30860666666668,-71.12008833333333,27.2,325266.43671746267,4686217.985881062,19,T,2.6,
1712111004.279403,898,1712111004,0,GPS1_Frame,42.30853666666667,-71.12005666666667,27.1,325268.8530474844,4686210.147895749,19,T,2.6,
1712111005.2825873,899,1712111005,0,GPS1_Frame,42.308463333333336,-71.12001833333333,27.1,325271.80963933736,4686201.926079334,19,T,1.6,
1712111006.282432,900,1712111006,0,GPS1_Frame,42.308391666666665,-71.11997666666666,27.1,325275.0455900312,4686193.8824888645,19,T,1.6,
1712111007.282102,901,1712111007,0,GPS1_Frame,42.30831666666666,-71.11992666666667,27.3,325278.9591763086,4686185.451645812,19,T,1.6,
1712111008.281957,902,1712111008,0,GPS1_Frame,42.30824333333333,-71.11986833333334,27.2,325283.56423490605,4686177.188761917,19,T,1.6,
1712111009.281152,903,1712111009,0,GPS1_Frame,42.308166666666665,-71.11981166666666,27.1,325288.0227124499,4686168.559163756,19,T,1.6,
1712111010.2807198,904,1712111010,0,GPS1_Frame,42.30809166666666,-71.11975666666667,27.1,325292.3484420497,4686160.118061554,19,T,1.6,
1712111011.2810462,905,1712111011,0,GPS1_Frame,42.30802666666667,-71.11970166666667,27.1,325296.7018476139,4686152.787383391,19,T,1.6,
1712111012.281132,906,1712111012,0,GPS1_Frame,42.30795499999999,-71.11964333333334,27.0,325301.31156162464,4686144.709582962,19,T,1.6,
1712111013.2800646,907,1712111013,0,GPS1_Frame,42.30789166666667,-71.11959833333334,26.7,325304.8453718399,4686137.584514813,19,T,1.6,
1712111014.2805119,908,1712111014,0,GPS1_Frame,42.307825,-71.11955833333333,26.5,325307.95785542123,4686130.099575029,19,T,1.6,
1712111015.2810214,909,1712111015,0,GPS1_Frame,42.30776000000001,-71.11951833333333,26.4,325311.07495659415,4686122.799707057,19,T,1.6,
1712111016.280776,910,1712111016,0,GPS1_Frame,42.307698333333335,-71.11949,26.1,325313.2396856779,4686115.893935613,19,T,1.6,
1712111017.2811368,911,1712111017,0,GPS1_Frame,42.30763333333333,-71.119455,26.0,325315.9446851157,4686108.604336584,19,T,1.6,
1712111018.281295,912,1712111018,0,GPS1_Frame,42.30757333333333,-71.119425,25.6,325318.25140623446,4686101.88021522,19,T,1.6,
1712111019.2795072,913,1712111019,0,GPS1_Frame,42.307505000000006,-71.11939166666666,25.5,325320.8098253411,4686094.223900243,19,T,1.6,
1712111020.2800946,914,1712111020,0,GPS1_Frame,42.30744166666667,-71.119365,25.2,325322.8325929203,4686087.136484391,19,T,1.6,
1712111021.280286,915,1712111021,0,GPS1_Frame,42.30737333333333,-71.11933833333333,25.0,325324.8415352193,4686079.49385891,19,T,1.6,
1712111022.2804382,916,1712111022,0,GPS1_Frame,42.30729833333333,-71.11930333333333,24.8,325327.5189041884,4686071.093844725,19,T,1.6,
1712111023.2817883,917,1712111023,0,GPS1_Frame,42.30722833333333,-71.11928333333334,24.4,325328.9737580487,4686063.279837915,19,T,1.6,
1712111024.282195,918,1712111024,0,GPS1_Frame,42.307158333333334,-71.119275,24.0,325329.4670079055,4686055.489783695,19,T,1.6,
1712111025.2817729,919,1712111025,0,GPS1_Frame,42.30707833333333,-71.11926,23.8,325330.4820917706,4686046.575621992,19,T,1.6,
1712111026.2810493,920,1712111026,0,GPS1_Frame,42.30699500000001,-71.11924833333335,23.9,325331.21321381646,4686037.298163765,19,T,1.6,
1712111027.2805188,921,1712111027,0,GPS1_Frame,42.30691,-71.11923166666666,23.9,325332.3518483736,4686027.825370667,19,T,1.6,
1712111028.2803621,922,1712111028,0,GPS1_Frame,42.306826666666666,-71.11922666666666,23.9,325332.5334836914,4686018.561599625,19,T,1.6,
1712111029.2808304,923,1712111029,0,GPS1_Frame,42.306738333333335,-71.11922,24.0,325332.8386649723,4686008.739196734,19,T,1.6,
1712111030.2806108,924,1712111030,0,GPS1_Frame,42.30665333333333,-71.11921833333334,24.1,325332.74094648974,4685999.297199163,19,T,1.6,
1712111031.2801938,925,1712111031,0,GPS1_Frame,42.306575,-71.119225,24.4,325331.9747981437,4685990.612590388,19,T,1.6,
1712111032.2798827,926,1712111032,0,GPS1_Frame,42.30649333333334,-71.11923,24.4,325331.3368034535,4685981.554419874,19,T,1.6,
1712111033.280437,927,1712111033,0,GPS1_Frame,42.306415,-71.11924,24.6,325330.2959048301,4685972.876654712,19,T,1.6,
1712111034.2809331,928,1712111034,0,GPS1_Frame,42.30633666666666,-71.11925,24.7,325329.2550044895,4685964.198889738,19,T,1.6,
1712111035.2813373,929,1712111035,0,GPS1_Frame,42.30626,-71.11927,24.7,325327.3944650291,4685955.7267253315,19,T,1.6,
